Date,demand,lch,holiday_Black friday,holiday_Christmas Day,holiday_Columbus Day,holiday_Independence Day,holiday_Labor Day,"holiday_Martin Luther King, Jr. Day",holiday_Memorial Day,holiday_New Year's Day,holiday_Thanksgiving,holiday_Veterans Day,holiday_Washington's Birthday
2016-02-01,17647,0,0,0,0,0,0,0,0,0,0,0,0
2016-02-02,17185,0,0,0,0,0,0,0,0,0,0,0,0
2016-02-03,21208,0,0,0,0,0,0,0,0,0,0,0,0
2016-02-04,22393,0,0,0,0,0,0,0,0,0,0,0,0
2016-02-05,21272,0,0,0,0,0,0,0,0,0,0,0,0
2016-02-06,20573,0,0,0,0,0,0,0,0,0,0,0,0
2016-02-07,19277,0,0,0,0,0,0,0,0,0,0,0,0
2016-02-08,15110,0,0,0,0,0,0,0,0,0,0,0,0
2016-02-09,24016,0,0,0,0,0,0,0,0,0,0,0,0
2016-02-10,17322,0,0,0,0,0,0,0,0,0,0,0,0
2016-02-11,21068,0,0,0,0,0,0,0,0,0,0,0,0
2016-02-12,20023,0,0,0,0,0,0,0,0,0,0,0,0
2016-02-13,18853,0,0,0,0,0,0,0,0,0,0,0,0
2016-02-14,22820,0,0,0,0,0,0,0,0,0,0,0,0
2016-02-15,23191,0,0,0,0,0,0,0,0,0,0,0,1
2016-02-16,21191,0,0,0,0,0,0,0,0,0,0,0,0
2016-02-17,22772,0,0,0,0,0,0,0,0,0,0,0,0
2016-02-18,24030,0,0,0,0,0,0,0,0,0,0,0,0
2016-02-19,17978,0,0,0,0,0,0,0,0,0,0,0,0
2016-02-20,22720,0,0,0,0,0,0,0,0,0,0,0,0
2016-02-21,17292,0,0,0,0,0,0,0,0,0,0,0,0
2016-02-22,15818,0,0,0,0,0,0,0,0,0,0,0,0
2016-02-23,18666,0,0,0,0,0,0,0,0,0,0,0,0
2016-02-24,24483,0,0,0,0,0,0,0,0,0,0,0,0
2016-02-25,24791,0,0,0,0,0,0,0,0,0,0,0,0
2016-02-26,23795,0,0,0,0,0,0,0,0,0,0,0,0
2016-02-27,19413,0,0,0,0,0,0,0,0,0,0,0,0
2016-02-28,22287,0,0,0,0,0,0,0,0,0,0,0,0
2016-02-29,23502,0,0,0,0,0,0,0,0,0,0,0,0
2016-03-01,17449,0,0,0,0,0,0,0,0,0,0,0,0
2016-03-02,16066,0,0,0,0,0,0,0,0,0,0,0,0
2016-03-03,20801,0,0,0,0,0,0,0,0,0,0,0,0
2016-03-04,18872,0,0,0,0,0,0,0,0,0,0,0,0
2016-03-05,17356,0,0,0,0,0,0,0,0,0,0,0,0
2016-03-06,16039,0,0,0,0,0,0,0,0,0,0,0,0
2016-03-07,23440,0,0,0,0,0,0,0,0,0,0,0,0
2016-03-08,18433,0,0,0,0,0,0,0,0,0,0,0,0
2016-03-09,24905,0,0,0,0,0,0,0,0,0,0,0,0
2016-03-10,21814,0,0,0,0,0,0,0,0,0,0,0,0
2016-03-11,184701,1,0,0,0,0,0,0,0,0,0,0,0
2016-03-12,46505,0,0,0,0,0,0,0,0,0,0,0,0
2016-03-13,26509,0,0,0,0,0,0,0,0,0,0,0,0
2016-03-14,29126,0,0,0,0,0,0,0,0,0,0,0,0
2016-03-15,30040,0,0,0,0,0,0,0,0,0,0,0,0
2016-03-16,29511,0,0,0,0,0,0,0,0,0,0,0,0
2016-03-17,28257,0,0,0,0,0,0,0,0,0,0,0,0
2016-03-18,36637,0,0,0,0,0,0,0,0,0,0,0,0
2016-03-19,32400,0,0,0,0,0,0,0,0,0,0,0,0
2016-03-20,19310,0,0,0,0,0,0,0,0,0,0,0,0
2016-03-21,21676,0,0,0,0,0,0,0,0,0,0,0,0
2016-03-22,20097,0,0,0,0,0,0,0,0,0,0,0,0
2016-03-23,19513,0,0,0,0,0,0,0,0,0,0,0,0
2016-03-24,23125,0,0,0,0,0,0,0,0,0,0,0,0
2016-03-25,29962,0,0,0,0,0,0,0,0,0,0,0,0
2016-03-26,27783,0,0,0,0,0,0,0,0,0,0,0,0
2016-03-27,2169,0,0,0,0,0,0,0,0,0,0,0,0
2016-03-28,26180,0,0,0,0,0,0,0,0,0,0,0,0
2016-03-29,23168,0,0,0,0,0,0,0,0,0,0,0,0
2016-03-30,30322,0,0,0,0,0,0,0,0,0,0,0,0
2016-03-31,37157,0,0,0,0,0,0,0,0,0,0,0,0
2016-04-01,31045,0,0,0,0,0,0,0,0,0,0,0,0
2016-04-02,30615,0,0,0,0,0,0,0,0,0,0,0,0
2016-04-03,16679,0,0,0,0,0,0,0,0,0,0,0,0
2016-04-04,18466,0,0,0,0,0,0,0,0,0,0,0,0
2016-04-05,18568,0,0,0,0,0,0,0,0,0,0,0,0
2016-04-06,19202,0,0,0,0,0,0,0,0,0,0,0,0
2016-04-07,17464,0,0,0,0,0,0,0,0,0,0,0,0
2016-04-08,19282,0,0,0,0,0,0,0,0,0,0,0,0
2016-04-09,19449,0,0,0,0,0,0,0,0,0,0,0,0
2016-04-10,10109,0,0,0,0,0,0,0,0,0,0,0,0
2016-04-11,10871,0,0,0,0,0,0,0,0,0,0,0,0
2016-04-12,16162,0,0,0,0,0,0,0,0,0,0,0,0
2016-04-13,20079,0,0,0,0,0,0,0,0,0,0,0,0
2016-04-14,18904,0,0,0,0,0,0,0,0,0,0,0,0
2016-04-15,22654,0,0,0,0,0,0,0,0,0,0,0,0
2016-04-16,17427,0,0,0,0,0,0,0,0,0,0,0,0
2016-04-17,8848,0,0,0,0,0,0,0,0,0,0,0,0
2016-04-18,11699,0,0,0,0,0,0,0,0,0,0,0,0
2016-04-19,13712,0,0,0,0,0,0,0,0,0,0,0,0
2016-04-20,17398,0,0,0,0,0,0,0,0,0,0,0,0
2016-04-21,17646,0,0,0,0,0,0,0,0,0,0,0,0
2016-04-22,19775,0,0,0,0,0,0,0,0,0,0,0,0
2016-04-23,17197,0,0,0,0,0,0,0,0,0,0,0,0
2016-04-24,10299,0,0,0,0,0,0,0,0,0,0,0,0
2016-04-25,12199,0,0,0,0,0,0,0,0,0,0,0,0
2016-04-26,13392,0,0,0,0,0,0,0,0,0,0,0,0
2016-04-27,17843,0,0,0,0,0,0,0,0,0,0,0,0
2016-04-28,20956,0,0,0,0,0,0,0,0,0,0,0,0
2016-04-29,24934,0,0,0,0,0,0,0,0,0,0,0,0
2016-04-30,26401,0,0,0,0,0,0,0,0,0,0,0,0
2016-05-01,16178,0,0,0,0,0,0,0,0,0,0,0,0
2016-05-02,17838,0,0,0,0,0,0,0,0,0,0,0,0
2016-05-03,17375,0,0,0,0,0,0,0,0,0,0,0,0
2016-05-04,18532,0,0,0,0,0,0,0,0,0,0,0,0
2016-05-05,18259,0,0,0,0,0,0,0,0,0,0,0,0
2016-05-06,22023,0,0,0,0,0,0,0,0,0,0,0,0
2016-05-07,24159,0,0,0,0,0,0,0,0,0,0,0,0
2016-05-08,15869,0,0,0,0,0,0,0,0,0,0,0,0
2016-05-09,18489,0,0,0,0,0,0,0,0,0,0,0,0
2016-05-10,18835,0,0,0,0,0,0,0,0,0,0,0,0
2016-05-11,19725,0,0,0,0,0,0,0,0,0,0,0,0
2016-05-12,17120,0,0,0,0,0,0,0,0,0,0,0,0
2016-05-13,19750,0,0,0,0,0,0,0,0,0,0,0,0
2016-05-14,21234,0,0,0,0,0,0,0,0,0,0,0,0
2016-05-15,14078,0,0,0,0,0,0,0,0,0,0,0,0
2016-05-16,16567,0,0,0,0,0,0,0,0,0,0,0,0
2016-05-17,16649,0,0,0,0,0,0,0,0,0,0,0,0
2016-05-18,16713,0,0,0,0,0,0,0,0,0,0,0,0
2016-05-19,16678,0,0,0,0,0,0,0,0,0,0,0,0
2016-05-20,18898,0,0,0,0,0,0,0,0,0,0,0,0
2016-05-21,20584,0,0,0,0,0,0,0,0,0,0,0,0
2016-05-22,14940,0,0,0,0,0,0,0,0,0,0,0,0
2016-05-23,16694,0,0,0,0,0,0,0,0,0,0,0,0
2016-05-24,16822,0,0,0,0,0,0,0,0,0,0,0,0
2016-05-25,17273,0,0,0,0,0,0,0,0,0,0,0,0
2016-05-26,16840,0,0,0,0,0,0,0,0,0,0,0,0
2016-05-27,21234,0,0,0,0,0,0,0,0,0,0,0,0
2016-05-28,21153,0,0,0,0,0,0,0,0,0,0,0,0
2016-05-29,13609,0,0,0,0,0,0,0,0,0,0,0,0
2016-05-30,14248,0,0,0,0,0,0,0,1,0,0,0,0
2016-05-31,18444,0,0,0,0,0,0,0,0,0,0,0,0
2016-06-01,17147,0,0,0,0,0,0,0,0,0,0,0,0
2016-06-02,18240,0,0,0,0,0,0,0,0,0,0,0,0
2016-06-03,21332,0,0,0,0,0,0,0,0,0,0,0,0
2016-06-04,21191,0,0,0,0,0,0,0,0,0,0,0,0
2016-06-05,13821,0,0,0,0,0,0,0,0,0,0,0,0
2016-06-06,17049,0,0,0,0,0,0,0,0,0,0,0,0
2016-06-07,17173,0,0,0,0,0,0,0,0,0,0,0,0
2016-06-08,16968,0,0,0,0,0,0,0,0,0,0,0,0
2016-06-09,16792,0,0,0,0,0,0,0,0,0,0,0,0
2016-06-10,19462,0,0,0,0,0,0,0,0,0,0,0,0
2016-06-11,19131,0,0,0,0,0,0,0,0,0,0,0,0
2016-06-12,12419,0,0,0,0,0,0,0,0,0,0,0,0
2016-06-13,16825,0,0,0,0,0,0,0,0,0,0,0,0
2016-06-14,16842,0,0,0,0,0,0,0,0,0,0,0,0
2016-06-15,17402,0,0,0,0,0,0,0,0,0,0,0,0
2016-06-16,17390,0,0,0,0,0,0,0,0,0,0,0,0
2016-06-17,20344,0,0,0,0,0,0,0,0,0,0,0,0
2016-06-18,19607,0,0,0,0,0,0,0,0,0,0,0,0
2016-06-19,13199,0,0,0,0,0,0,0,0,0,0,0,0
2016-06-20,17187,0,0,0,0,0,0,0,0,0,0,0,0
2016-06-21,17175,0,0,0,0,0,0,0,0,0,0,0,0
2016-06-22,17348,0,0,0,0,0,0,0,0,0,0,0,0
2016-06-23,17449,0,0,0,0,0,0,0,0,0,0,0,0
2016-06-24,19257,0,0,0,0,0,0,0,0,0,0,0,0
2016-06-25,17778,0,0,0,0,0,0,0,0,0,0,0,0
2016-06-26,12429,0,0,0,0,0,0,0,0,0,0,0,0
2016-06-27,17276,0,0,0,0,0,0,0,0,0,0,0,0
2016-06-28,16823,0,0,0,0,0,0,0,0,0,0,0,0
2016-06-29,17017,0,0,0,0,0,0,0,0,0,0,0,0
2016-06-30,18588,0,0,0,0,0,0,0,0,0,0,0,0
2016-07-01,20958,0,0,0,0,0,0,0,0,0,0,0,0
2016-07-02,18469,0,0,0,0,0,0,0,0,0,0,0,0
2016-07-03,11880,0,0,0,0,0,0,0,0,0,0,0,0
2016-07-04,9358,0,0,0,0,1,0,0,0,0,0,0,0
2016-07-05,17571,0,0,0,0,0,0,0,0,0,0,0,0
2016-07-06,18092,0,0,0,0,0,0,0,0,0,0,0,0
2016-07-07,18579,0,0,0,0,0,0,0,0,0,0,0,0
2016-07-08,20488,0,0,0,0,0,0,0,0,0,0,0,0
2016-07-09,19813,0,0,0,0,0,0,0,0,0,0,0,0
2016-07-10,13233,0,0,0,0,0,0,0,0,0,0,0,0
2016-07-11,17898,0,0,0,0,0,0,0,0,0,0,0,0
2016-07-12,17821,0,0,0,0,0,0,0,0,0,0,0,0
2016-07-13,17933,0,0,0,0,0,0,0,0,0,0,0,0
2016-07-14,18040,0,0,0,0,0,0,0,0,0,0,0,0
2016-07-15,20384,0,0,0,0,0,0,0,0,0,0,0,0
2016-07-16,19444,0,0,0,0,0,0,0,0,0,0,0,0
2016-07-17,13518,0,0,0,0,0,0,0,0,0,0,0,0
2016-07-18,16881,0,0,0,0,0,0,0,0,0,0,0,0
2016-07-19,16522,0,0,0,0,0,0,0,0,0,0,0,0
2016-07-20,16323,0,0,0,0,0,0,0,0,0,0,0,0
2016-07-21,15679,0,0,0,0,0,0,0,0,0,0,0,0
2016-07-22,18458,0,0,0,0,0,0,0,0,0,0,0,0
2016-07-23,18364,0,0,0,0,0,0,0,0,0,0,0,0
2016-07-24,12145,0,0,0,0,0,0,0,0,0,0,0,0
2016-07-25,16252,0,0,0,0,0,0,0,0,0,0,0,0
2016-07-26,15296,0,0,0,0,0,0,0,0,0,0,0,0
2016-07-27,15296,0,0,0,0,0,0,0,0,0,0,0,0
2016-07-28,14789,0,0,0,0,0,0,0,0,0,0,0,0
2016-07-29,17258,0,0,0,0,0,0,0,0,0,0,0,0
2016-07-30,17509,0,0,0,0,0,0,0,0,0,0,0,0
2016-07-31,12219,0,0,0,0,0,0,0,0,0,0,0,0
2016-08-01,15145,0,0,0,0,0,0,0,0,0,0,0,0
2016-08-02,14726,0,0,0,0,0,0,0,0,0,0,0,0
2016-08-03,15059,0,0,0,0,0,0,0,0,0,0,0,0
2016-08-04,15238,0,0,0,0,0,0,0,0,0,0,0,0
2016-08-05,16754,0,0,0,0,0,0,0,0,0,0,0,0
2016-08-06,18702,0,0,0,0,0,0,0,0,0,0,0,0
2016-08-07,11277,0,0,0,0,0,0,0,0,0,0,0,0
2016-08-08,14542,0,0,0,0,0,0,0,0,0,0,0,0
2016-08-09,13219,0,0,0,0,0,0,0,0,0,0,0,0
2016-08-10,13213,0,0,0,0,0,0,0,0,0,0,0,0
2016-08-11,12608,0,0,0,0,0,0,0,0,0,0,0,0
2016-08-12,15516,0,0,0,0,0,0,0,0,0,0,0,0
2016-08-13,16762,0,0,0,0,0,0,0,0,0,0,0,0
2016-08-14,11872,0,0,0,0,0,0,0,0,0,0,0,0
2016-08-15,13441,0,0,0,0,0,0,0,0,0,0,0,0
2016-08-16,13852,0,0,0,0,0,0,0,0,0,0,0,0
2016-08-17,13405,0,0,0,0,0,0,0,0,0,0,0,0
2016-08-18,13039,0,0,0,0,0,0,0,0,0,0,0,0
2016-08-19,15096,0,0,0,0,0,0,0,0,0,0,0,0
2016-08-20,15655,0,0,0,0,0,0,0,0,0,0,0,0
2016-08-21,11375,0,0,0,0,0,0,0,0,0,0,0,0
2016-08-22,13078,0,0,0,0,0,0,0,0,0,0,0,0
2016-08-23,13063,0,0,0,0,0,0,0,0,0,0,0,0
2016-08-24,13199,0,0,0,0,0,0,0,0,0,0,0,0
2016-08-25,12280,0,0,0,0,0,0,0,0,0,0,0,0
2016-08-26,14216,0,0,0,0,0,0,0,0,0,0,0,0
2016-08-27,15394,0,0,0,0,0,0,0,0,0,0,0,0
2016-08-28,11966,0,0,0,0,0,0,0,0,0,0,0,0
2016-08-29,12873,0,0,0,0,0,0,0,0,0,0,0,0
2016-08-30,13024,0,0,0,0,0,0,0,0,0,0,0,0
2016-08-31,13790,0,0,0,0,0,0,0,0,0,0,0,0
2016-09-01,13112,0,0,0,0,0,0,0,0,0,0,0,0
2016-09-02,18864,0,0,0,0,0,0,0,0,0,0,0,0
2016-09-03,17724,0,0,0,0,0,0,0,0,0,0,0,0
2016-09-04,11286,0,0,0,0,0,0,0,0,0,0,0,0
2016-09-05,11868,0,0,0,0,0,1,0,0,0,0,0,0
2016-09-06,14159,0,0,0,0,0,0,0,0,0,0,0,0
2016-09-07,14942,0,0,0,0,0,0,0,0,0,0,0,0
2016-09-08,15498,0,0,0,0,0,0,0,0,0,0,0,0
2016-09-09,18245,0,0,0,0,0,0,0,0,0,0,0,0
2016-09-10,20809,0,0,0,0,0,0,0,0,0,0,0,0
2016-09-11,13309,0,0,0,0,0,0,0,0,0,0,0,0
2016-09-12,16483,0,0,0,0,0,0,0,0,0,0,0,0
2016-09-13,15930,0,0,0,0,0,0,0,0,0,0,0,0
2016-09-14,16395,0,0,0,0,0,0,0,0,0,0,0,0
2016-09-15,16124,0,0,0,0,0,0,0,0,0,0,0,0
2016-09-16,18629,0,0,0,0,0,0,0,0,0,0,0,0
2016-09-17,18215,0,0,0,0,0,0,0,0,0,0,0,0
2016-09-18,11139,0,0,0,0,0,0,0,0,0,0,0,0
2016-09-19,13496,0,0,0,0,0,0,0,0,0,0,0,0
2016-09-20,12481,0,0,0,0,0,0,0,0,0,0,0,0
2016-09-21,11687,0,0,0,0,0,0,0,0,0,0,0,0
2016-09-22,12029,0,0,0,0,0,0,0,0,0,0,0,0
2016-09-23,14165,0,0,0,0,0,0,0,0,0,0,0,0
2016-09-24,14283,0,0,0,0,0,0,0,0,0,0,0,0
2016-09-25,9874,0,0,0,0,0,0,0,0,0,0,0,0
2016-09-26,11931,0,0,0,0,0,0,0,0,0,0,0,0
2016-09-27,11421,0,0,0,0,0,0,0,0,0,0,0,0
2016-09-28,11876,0,0,0,0,0,0,0,0,0,0,0,0
2016-09-29,12629,0,0,0,0,0,0,0,0,0,0,0,0
2016-09-30,15278,0,0,0,0,0,0,0,0,0,0,0,0
2016-10-01,15982,0,0,0,0,0,0,0,0,0,0,0,0
2016-10-02,10147,0,0,0,0,0,0,0,0,0,0,0,0
2016-10-03,12278,0,0,0,0,0,0,0,0,0,0,0,0
2016-10-04,12296,0,0,0,0,0,0,0,0,0,0,0,0
2016-10-05,12495,0,0,0,0,0,0,0,0,0,0,0,0
2016-10-06,12209,0,0,0,0,0,0,0,0,0,0,0,0
2016-10-07,13773,0,0,0,0,0,0,0,0,0,0,0,0
2016-10-08,15163,0,0,0,0,0,0,0,0,0,0,0,0
2016-10-09,9659,0,0,0,0,0,0,0,0,0,0,0,0
2016-10-10,13516,0,0,0,1,0,0,0,0,0,0,0,0
2016-10-11,18953,0,0,0,0,0,0,0,0,0,0,0,0
2016-10-12,19444,0,0,0,0,0,0,0,0,0,0,0,0
2016-10-13,17579,0,0,0,0,0,0,0,0,0,0,0,0
2016-10-14,22455,0,0,0,0,0,0,0,0,0,0,0,0
2016-10-15,22041,0,0,0,0,0,0,0,0,0,0,0,0
2016-10-16,12190,0,0,0,0,0,0,0,0,0,0,0,0
2016-10-17,21955,0,0,0,0,0,0,0,0,0,0,0,0
2016-10-18,20605,0,0,0,0,0,0,0,0,0,0,0,0
2016-10-19,16059,0,0,0,0,0,0,0,0,0,0,0,0
2016-10-20,14578,0,0,0,0,0,0,0,0,0,0,0,0
2016-10-21,19103,0,0,0,0,0,0,0,0,0,0,0,0
2016-10-22,17392,0,0,0,0,0,0,0,0,0,0,0,0
2016-10-23,10668,0,0,0,0,0,0,0,0,0,0,0,0
2016-10-24,14372,0,0,0,0,0,0,0,0,0,0,0,0
2016-10-25,13462,0,0,0,0,0,0,0,0,0,0,0,0
2016-10-26,13574,0,0,0,0,0,0,0,0,0,0,0,0
2016-10-27,12095,0,0,0,0,0,0,0,0,0,0,0,0
2016-10-28,13198,0,0,0,0,0,0,0,0,0,0,0,0
2016-10-29,12846,0,0,0,0,0,0,0,0,0,0,0,0
2016-10-30,9014,0,0,0,0,0,0,0,0,0,0,0,0
2016-10-31,10431,0,0,0,0,0,0,0,0,0,0,0,0
2016-11-01,11233,0,0,0,0,0,0,0,0,0,0,0,0
2016-11-02,11073,0,0,0,0,0,0,0,0,0,0,0,0
2016-11-03,11163,0,0,0,0,0,0,0,0,0,0,0,0
2016-11-04,12281,0,0,0,0,0,0,0,0,0,0,0,0
2016-11-05,12475,0,0,0,0,0,0,0,0,0,0,0,0
2016-11-06,8516,0,0,0,0,0,0,0,0,0,0,0,0
2016-11-07,10337,0,0,0,0,0,0,0,0,0,0,0,0
2016-11-08,11265,0,0,0,0,0,0,0,0,0,0,0,0
2016-11-09,10003,0,0,0,0,0,0,0,0,0,0,0,0
2016-11-10,11466,0,0,0,0,0,0,0,0,0,0,0,0
2016-11-11,13617,0,0,0,0,0,0,0,0,0,0,1,0
2016-11-12,14508,0,0,0,0,0,0,0,0,0,0,0,0
2016-11-13,8894,0,0,0,0,0,0,0,0,0,0,0,0
2016-11-14,10629,0,0,0,0,0,0,0,0,0,0,0,0
2016-11-15,10224,0,0,0,0,0,0,0,0,0,0,0,0
2016-11-16,10496,0,0,0,0,0,0,0,0,0,0,0,0
2016-11-17,11066,0,0,0,0,0,0,0,0,0,0,0,0
2016-11-18,14862,0,0,0,0,0,0,0,0,0,0,0,0
2016-11-19,17365,0,0,0,0,0,0,0,0,0,0,0,0
2016-11-20,12371,0,0,0,0,0,0,0,0,0,0,0,0
2016-11-21,13948,0,0,0,0,0,0,0,0,0,0,0,0
2016-11-22,15146,0,0,0,0,0,0,0,0,0,0,0,0
2016-11-23,19060,0,0,0,0,0,0,0,0,0,0,0,0
2016-11-24,8704,0,0,0,0,0,0,0,0,0,1,0,0
2016-11-25,112267,0,1,0,0,0,0,0,0,0,0,0,0
2016-11-26,34722,0,0,0,0,0,0,0,0,0,0,0,0
2016-11-27,23400,0,0,0,0,0,0,0,0,0,0,0,0
2016-11-28,26766,0,0,0,0,0,0,0,0,0,0,0,0
2016-11-29,22353,0,0,0,0,0,0,0,0,0,0,0,0
2016-11-30,19273,0,0,0,0,0,0,0,0,0,0,0,0
2016-12-01,19923,0,0,0,0,0,0,0,0,0,0,0,0
2016-12-02,24576,0,0,0,0,0,0,0,0,0,0,0,0
2016-12-03,28439,0,0,0,0,0,0,0,0,0,0,0,0
2016-12-04,20240,0,0,0,0,0,0,0,0,0,0,0,0
2016-12-05,18921,0,0,0,0,0,0,0,0,0,0,0,0
2016-12-06,18452,0,0,0,0,0,0,0,0,0,0,0,0
2016-12-07,20345,0,0,0,0,0,0,0,0,0,0,0,0
2016-12-08,20809,0,0,0,0,0,0,0,0,0,0,0,0
2016-12-09,25979,0,0,0,0,0,0,0,0,0,0,0,0
2016-12-10,28832,0,0,0,0,0,0,0,0,0,0,0,0
2016-12-11,12967,0,0,0,0,0,0,0,0,0,0,0,0
2016-12-12,17253,0,0,0,0,0,0,0,0,0,0,0,0
2016-12-13,16254,0,0,0,0,0,0,0,0,0,0,0,0
2016-12-14,16313,0,0,0,0,0,0,0,0,0,0,0,0
2016-12-15,19795,0,0,0,0,0,0,0,0,0,0,0,0
2016-12-16,26024,0,0,0,0,0,0,0,0,0,0,0,0
2016-12-17,30527,0,0,0,0,0,0,0,0,0,0,0,0
2016-12-18,21474,0,0,0,0,0,0,0,0,0,0,0,0
2016-12-19,24682,0,0,0,0,0,0,0,0,0,0,0,0
2016-12-20,24927,0,0,0,0,0,0,0,0,0,0,0,0
2016-12-21,27818,0,0,0,0,0,0,0,0,0,0,0,0
2016-12-22,30957,0,0,0,0,0,0,0,0,0,0,0,0
2016-12-23,39540,0,0,0,0,0,0,0,0,0,0,0,0
2016-12-24,30651,0,0,0,0,0,0,0,0,0,0,0,0
2016-12-25,31400,0,0,1,0,0,0,0,0,0,0,0,0
2016-12-26,23945,0,0,0,0,0,0,0,0,0,0,0,0
2016-12-27,16679,0,0,0,0,0,0,0,0,0,0,0,0
2016-12-28,16423,0,0,0,0,0,0,0,0,0,0,0,0
2016-12-29,15604,0,0,0,0,0,0,0,0,0,0,0,0
2016-12-30,15747,0,0,0,0,0,0,0,0,0,0,0,0
2016-12-31,11298,0,0,0,0,0,0,0,0,0,0,0,0
2017-01-01,12249,0,0,0,0,0,0,0,0,1,0,0,0
2017-01-02,11813,0,0,0,0,0,0,0,0,0,0,0,0
2017-01-03,10181,0,0,0,0,0,0,0,0,0,0,0,0
2017-01-04,11477,0,0,0,0,0,0,0,0,0,0,0,0
2017-01-05,13605,0,0,0,0,0,0,0,0,0,0,0,0
2017-01-06,12913,0,0,0,0,0,0,0,0,0,0,0,0
2017-01-07,11250,0,0,0,0,0,0,0,0,0,0,0,0
2017-01-08,7887,0,0,0,0,0,0,0,0,0,0,0,0
2017-01-09,10512,0,0,0,0,0,0,0,0,0,0,0,0
2017-01-10,10974,0,0,0,0,0,0,0,0,0,0,0,0
2017-01-11,11003,0,0,0,0,0,0,0,0,0,0,0,0
2017-01-12,11154,0,0,0,0,0,0,0,0,0,0,0,0
2017-01-13,12644,0,0,0,0,0,0,0,0,0,0,0,0
2017-01-14,13369,0,0,0,0,0,0,0,0,0,0,0,0
2017-01-15,8183,0,0,0,0,0,0,0,0,0,0,0,0
2017-01-16,11268,0,0,0,0,0,0,1,0,0,0,0,0
2017-01-17,8676,0,0,0,0,0,0,0,0,0,0,0,0
2017-01-18,8767,0,0,0,0,0,0,0,0,0,0,0,0
2017-01-19,8749,0,0,0,0,0,0,0,0,0,0,0,0
2017-01-20,9897,0,0,0,0,0,0,0,0,0,0,0,0
2017-01-21,10141,0,0,0,0,0,0,0,0,0,0,0,0
2017-01-22,6807,0,0,0,0,0,0,0,0,0,0,0,0
2017-01-23,8787,0,0,0,0,0,0,0,0,0,0,0,0
2017-01-24,8943,0,0,0,0,0,0,0,0,0,0,0,0
2017-01-25,9093,0,0,0,0,0,0,0,0,0,0,0,0
2017-01-26,9398,0,0,0,0,0,0,0,0,0,0,0,0
2017-01-27,10644,0,0,0,0,0,0,0,0,0,0,0,0
2017-01-28,11388,0,0,0,0,0,0,0,0,0,0,0,0
2017-01-29,6848,0,0,0,0,0,0,0,0,0,0,0,0
2017-01-30,8528,0,0,0,0,0,0,0,0,0,0,0,0
2017-01-31,8642,0,0,0,0,0,0,0,0,0,0,0,0
2017-02-01,8606,0,0,0,0,0,0,0,0,0,0,0,0
2017-02-02,8567,0,0,0,0,0,0,0,0,0,0,0,0
2017-02-03,10124,0,0,0,0,0,0,0,0,0,0,0,0
2017-02-04,11079,0,0,0,0,0,0,0,0,0,0,0,0
2017-02-05,5839,0,0,0,0,0,0,0,0,0,0,0,0
2017-02-06,8148,0,0,0,0,0,0,0,0,0,0,0,0
2017-02-07,8236,0,0,0,0,0,0,0,0,0,0,0,0
2017-02-08,8611,0,0,0,0,0,0,0,0,0,0,0,0
2017-02-09,8232,0,0,0,0,0,0,0,0,0,0,0,0
2017-02-10,10401,0,0,0,0,0,0,0,0,0,0,0,0
2017-02-11,11041,0,0,0,0,0,0,0,0,0,0,0,0
2017-02-12,7218,0,0,0,0,0,0,0,0,0,0,0,0
2017-02-13,10232,0,0,0,0,0,0,0,0,0,0,0,0
2017-02-14,10946,0,0,0,0,0,0,0,0,0,0,0,0
2017-02-15,10953,0,0,0,0,0,0,0,0,0,0,0,0
2017-02-16,10959,0,0,0,0,0,0,0,0,0,0,0,0
2017-02-17,13370,0,0,0,0,0,0,0,0,0,0,0,0
2017-02-18,14733,0,0,0,0,0,0,0,0,0,0,0,0
2017-02-19,9400,0,0,0,0,0,0,0,0,0,0,0,0
2017-02-20,11395,0,0,0,0,0,0,0,0,0,0,0,1
2017-02-21,10880,0,0,0,0,0,0,0,0,0,0,0,0
2017-02-22,11828,0,0,0,0,0,0,0,0,0,0,0,0
2017-02-23,13724,0,0,0,0,0,0,0,0,0,0,0,0
2017-02-24,15042,0,0,0,0,0,0,0,0,0,0,0,0
2017-02-25,15501,0,0,0,0,0,0,0,0,0,0,0,0
2017-02-26,9427,0,0,0,0,0,0,0,0,0,0,0,0
2017-02-27,11952,0,0,0,0,0,0,0,0,0,0,0,0
2017-02-28,12935,0,0,0,0,0,0,0,0,0,0,0,0
2017-03-01,11863,0,0,0,0,0,0,0,0,0,0,0,0
2017-03-02,11768,0,0,0,0,0,0,0,0,0,0,0,0
2017-03-03,12831,0,0,0,0,0,0,0,0,0,0,0,0
2017-03-04,13813,0,0,0,0,0,0,0,0,0,0,0,0
2017-03-05,8123,0,0,0,0,0,0,0,0,0,0,0,0
2017-03-06,10537,0,0,0,0,0,0,0,0,0,0,0,0
2017-03-07,10890,0,0,0,0,0,0,0,0,0,0,0,0
2017-03-08,11389,0,0,0,0,0,0,0,0,0,0,0,0
2017-03-09,11673,0,0,0,0,0,0,0,0,0,0,0,0
2017-03-10,12721,0,0,0,0,0,0,0,0,0,0,0,0
2017-03-11,12837,0,0,0,0,0,0,0,0,0,0,0,0
2017-03-12,8294,0,0,0,0,0,0,0,0,0,0,0,0
2017-03-13,10812,0,0,0,0,0,0,0,0,0,0,0,0
2017-03-14,9094,0,0,0,0,0,0,0,0,0,0,0,0
2017-03-15,11352,0,0,0,0,0,0,0,0,0,0,0,0
2017-03-16,11061,0,0,0,0,0,0,0,0,0,0,0,0
2017-03-17,11936,0,0,0,0,0,0,0,0,0,0,0,0
2017-03-18,12691,0,0,0,0,0,0,0,0,0,0,0,0
2017-03-19,8029,0,0,0,0,0,0,0,0,0,0,0,0
2017-03-20,10420,0,0,0,0,0,0,0,0,0,0,0,0
2017-03-21,10349,0,0,0,0,0,0,0,0,0,0,0,0
2017-03-22,11210,0,0,0,0,0,0,0,0,0,0,0,0
2017-03-23,11206,0,0,0,0,0,0,0,0,0,0,0,0
2017-03-24,12487,0,0,0,0,0,0,0,0,0,0,0,0
2017-03-25,11809,0,0,0,0,0,0,0,0,0,0,0,0
2017-03-26,7323,0,0,0,0,0,0,0,0,0,0,0,0
2017-03-27,9977,0,0,0,0,0,0,0,0,0,0,0,0
2017-03-28,9911,0,0,0,0,0,0,0,0,0,0,0,0
2017-03-29,9596,0,0,0,0,0,0,0,0,0,0,0,0
2017-03-30,9239,0,0,0,0,0,0,0,0,0,0,0,0
2017-03-31,10079,0,0,0,0,0,0,0,0,0,0,0,0
2017-04-01,8640,0,0,0,0,0,0,0,0,0,0,0,0
2017-04-02,5738,0,0,0,0,0,0,0,0,0,0,0,0
2017-04-03,8430,0,0,0,0,0,0,0,0,0,0,0,0
2017-04-04,8423,0,0,0,0,0,0,0,0,0,0,0,0
2017-04-05,8354,0,0,0,0,0,0,0,0,0,0,0,0
2017-04-06,7902,0,0,0,0,0,0,0,0,0,0,0,0
2017-04-07,8454,0,0,0,0,0,0,0,0,0,0,0,0
2017-04-08,7551,0,0,0,0,0,0,0,0,0,0,0,0
2017-04-09,4738,0,0,0,0,0,0,0,0,0,0,0,0
2017-04-10,7653,0,0,0,0,0,0,0,0,0,0,0,0
2017-04-11,7086,0,0,0,0,0,0,0,0,0,0,0,0
2017-04-12,7514,0,0,0,0,0,0,0,0,0,0,0,0
2017-04-13,7739,0,0,0,0,0,0,0,0,0,0,0,0
2017-04-14,8303,0,0,0,0,0,0,0,0,0,0,0,0
2017-04-15,6806,0,0,0,0,0,0,0,0,0,0,0,0
2017-04-16,786,0,0,0,0,0,0,0,0,0,0,0,0
2017-04-17,8170,0,0,0,0,0,0,0,0,0,0,0,0
2017-04-18,6623,0,0,0,0,0,0,0,0,0,0,0,0
2017-04-19,5856,0,0,0,0,0,0,0,0,0,0,0,0
2017-04-20,5693,0,0,0,0,0,0,0,0,0,0,0,0
2017-04-21,164569,1,0,0,0,0,0,0,0,0,0,0,0
2017-04-22,95630,0,0,0,0,0,0,0,0,0,0,0,0
2017-04-23,28411,0,0,0,0,0,0,0,0,0,0,0,0
2017-04-24,26466,0,0,0,0,0,0,0,0,0,0,0,0
2017-04-25,24734,0,0,0,0,0,0,0,0,0,0,0,0
2017-04-26,23039,0,0,0,0,0,0,0,0,0,0,0,0
2017-04-27,20718,0,0,0,0,0,0,0,0,0,0,0,0
2017-04-28,22113,0,0,0,0,0,0,0,0,0,0,0,0
2017-04-29,23641,0,0,0,0,0,0,0,0,0,0,0,0
2017-04-30,18030,0,0,0,0,0,0,0,0,0,0,0,0
2017-05-01,17745,0,0,0,0,0,0,0,0,0,0,0,0
2017-05-02,16890,0,0,0,0,0,0,0,0,0,0,0,0
2017-05-03,17862,0,0,0,0,0,0,0,0,0,0,0,0
2017-05-04,17420,0,0,0,0,0,0,0,0,0,0,0,0
2017-05-05,19465,0,0,0,0,0,0,0,0,0,0,0,0
2017-05-06,21189,0,0,0,0,0,0,0,0,0,0,0,0
2017-05-07,16096,0,0,0,0,0,0,0,0,0,0,0,0
2017-05-08,15673,0,0,0,0,0,0,0,0,0,0,0,0
2017-05-09,14449,0,0,0,0,0,0,0,0,0,0,0,0
2017-05-10,15367,0,0,0,0,0,0,0,0,0,0,0,0
2017-05-11,15365,0,0,0,0,0,0,0,0,0,0,0,0
2017-05-12,19311,0,0,0,0,0,0,0,0,0,0,0,0
2017-05-13,21053,0,0,0,0,0,0,0,0,0,0,0,0
2017-05-14,15356,0,0,0,0,0,0,0,0,0,0,0,0
2017-05-15,15557,0,0,0,0,0,0,0,0,0,0,0,0
2017-05-16,36486,0,0,0,0,0,0,0,0,0,0,0,0
2017-05-17,19970,0,0,0,0,0,0,0,0,0,0,0,0
2017-05-18,20733,0,0,0,0,0,0,0,0,0,0,0,0
2017-05-19,17097,0,0,0,0,0,0,0,0,0,0,0,0
2017-05-20,18102,0,0,0,0,0,0,0,0,0,0,0,0
2017-05-21,14075,0,0,0,0,0,0,0,0,0,0,0,0
2017-05-22,13384,0,0,0,0,0,0,0,0,0,0,0,0
2017-05-23,13182,0,0,0,0,0,0,0,0,0,0,0,0
2017-05-24,13631,0,0,0,0,0,0,0,0,0,0,0,0
2017-05-25,13687,0,0,0,0,0,0,0,0,0,0,0,0
2017-05-26,15935,0,0,0,0,0,0,0,0,0,0,0,0
2017-05-27,16646,0,0,0,0,0,0,0,0,0,0,0,0
2017-05-28,11999,0,0,0,0,0,0,0,0,0,0,0,0
2017-05-29,11260,0,0,0,0,0,0,0,1,0,0,0,0
2017-05-30,12075,0,0,0,0,0,0,0,0,0,0,0,0
2017-05-31,16399,0,0,0,0,0,0,0,0,0,0,0,0
2017-06-01,15230,0,0,0,0,0,0,0,0,0,0,0,0
2017-06-02,16325,0,0,0,0,0,0,0,0,0,0,0,0
2017-06-03,17512,0,0,0,0,0,0,0,0,0,0,0,0
2017-06-04,13859,0,0,0,0,0,0,0,0,0,0,0,0
2017-06-05,13435,0,0,0,0,0,0,0,0,0,0,0,0
2017-06-06,13190,0,0,0,0,0,0,0,0,0,0,0,0
2017-06-07,13054,0,0,0,0,0,0,0,0,0,0,0,0
2017-06-08,12860,0,0,0,0,0,0,0,0,0,0,0,0
2017-06-09,14624,0,0,0,0,0,0,0,0,0,0,0,0
2017-06-10,15657,0,0,0,0,0,0,0,0,0,0,0,0
2017-06-11,13345,0,0,0,0,0,0,0,0,0,0,0,0
2017-06-12,13536,0,0,0,0,0,0,0,0,0,0,0,0
2017-06-13,12702,0,0,0,0,0,0,0,0,0,0,0,0
2017-06-14,12975,0,0,0,0,0,0,0,0,0,0,0,0
2017-06-15,16061,0,0,0,0,0,0,0,0,0,0,0,0
2017-06-16,17025,0,0,0,0,0,0,0,0,0,0,0,0
2017-06-17,18674,0,0,0,0,0,0,0,0,0,0,0,0
2017-06-18,14382,0,0,0,0,0,0,0,0,0,0,0,0
2017-06-19,13798,0,0,0,0,0,0,0,0,0,0,0,0
2017-06-20,12980,0,0,0,0,0,0,0,0,0,0,0,0
2017-06-21,14699,0,0,0,0,0,0,0,0,0,0,0,0
2017-06-22,13796,0,0,0,0,0,0,0,0,0,0,0,0
2017-06-23,15904,0,0,0,0,0,0,0,0,0,0,0,0
2017-06-24,17368,0,0,0,0,0,0,0,0,0,0,0,0
2017-06-25,12945,0,0,0,0,0,0,0,0,0,0,0,0
2017-06-26,12445,0,0,0,0,0,0,0,0,0,0,0,0
2017-06-27,12473,0,0,0,0,0,0,0,0,0,0,0,0
2017-06-28,16148,0,0,0,0,0,0,0,0,0,0,0,0
2017-06-29,14599,0,0,0,0,0,0,0,0,0,0,0,0
2017-06-30,16936,0,0,0,0,0,0,0,0,0,0,0,0
2017-07-01,18001,0,0,0,0,0,0,0,0,0,0,0,0
2017-07-02,14012,0,0,0,0,0,0,0,0,0,0,0,0
2017-07-03,15703,0,0,0,0,0,0,0,0,0,0,0,0
2017-07-04,11570,0,0,0,0,1,0,0,0,0,0,0,0
2017-07-05,13760,0,0,0,0,0,0,0,0,0,0,0,0
2017-07-06,14947,0,0,0,0,0,0,0,0,0,0,0,0
2017-07-07,16447,0,0,0,0,0,0,0,0,0,0,0,0
2017-07-08,17299,0,0,0,0,0,0,0,0,0,0,0,0
2017-07-09,13174,0,0,0,0,0,0,0,0,0,0,0,0
2017-07-10,12883,0,0,0,0,0,0,0,0,0,0,0,0
2017-07-11,13416,0,0,0,0,0,0,0,0,0,0,0,0
2017-07-12,13650,0,0,0,0,0,0,0,0,0,0,0,0
2017-07-13,13815,0,0,0,0,0,0,0,0,0,0,0,0
2017-07-14,15312,0,0,0,0,0,0,0,0,0,0,0,0
2017-07-15,16396,0,0,0,0,0,0,0,0,0,0,0,0
2017-07-16,12096,0,0,0,0,0,0,0,0,0,0,0,0
2017-07-17,11801,0,0,0,0,0,0,0,0,0,0,0,0
2017-07-18,11651,0,0,0,0,0,0,0,0,0,0,0,0
2017-07-19,10975,0,0,0,0,0,0,0,0,0,0,0,0
2017-07-20,11590,0,0,0,0,0,0,0,0,0,0,0,0
2017-07-21,16430,0,0,0,0,0,0,0,0,0,0,0,0
2017-07-22,19352,0,0,0,0,0,0,0,0,0,0,0,0
2017-07-23,15028,0,0,0,0,0,0,0,0,0,0,0,0
2017-07-24,16693,0,0,0,0,0,0,0,0,0,0,0,0
2017-07-25,13670,0,0,0,0,0,0,0,0,0,0,0,0
2017-07-26,13139,0,0,0,0,0,0,0,0,0,0,0,0
2017-07-27,17704,0,0,0,0,0,0,0,0,0,0,0,0
2017-07-28,17978,0,0,0,0,0,0,0,0,0,0,0,0
2017-07-29,19999,0,0,0,0,0,0,0,0,0,0,0,0
2017-07-30,15157,0,0,0,0,0,0,0,0,0,0,0,0
2017-07-31,15024,0,0,0,0,0,0,0,0,0,0,0,0
2017-08-01,15527,0,0,0,0,0,0,0,0,0,0,0,0
2017-08-02,15632,0,0,0,0,0,0,0,0,0,0,0,0
2017-08-03,16145,0,0,0,0,0,0,0,0,0,0,0,0
2017-08-04,18398,0,0,0,0,0,0,0,0,0,0,0,0
2017-08-05,24247,0,0,0,0,0,0,0,0,0,0,0,0
2017-08-06,17409,0,0,0,0,0,0,0,0,0,0,0,0
2017-08-07,15444,0,0,0,0,0,0,0,0,0,0,0,0
2017-08-08,14379,0,0,0,0,0,0,0,0,0,0,0,0
2017-08-09,15129,0,0,0,0,0,0,0,0,0,0,0,0
2017-08-10,14883,0,0,0,0,0,0,0,0,0,0,0,0
2017-08-11,17053,0,0,0,0,0,0,0,0,0,0,0,0
2017-08-12,19774,0,0,0,0,0,0,0,0,0,0,0,0
2017-08-13,15300,0,0,0,0,0,0,0,0,0,0,0,0
2017-08-14,14518,0,0,0,0,0,0,0,0,0,0,0,0
2017-08-15,14428,0,0,0,0,0,0,0,0,0,0,0,0
2017-08-16,14988,0,0,0,0,0,0,0,0,0,0,0,0
2017-08-17,15157,0,0,0,0,0,0,0,0,0,0,0,0
2017-08-18,17232,0,0,0,0,0,0,0,0,0,0,0,0
2017-08-19,19325,0,0,0,0,0,0,0,0,0,0,0,0
2017-08-20,15702,0,0,0,0,0,0,0,0,0,0,0,0
2017-08-21,12815,0,0,0,0,0,0,0,0,0,0,0,0
2017-08-22,12708,0,0,0,0,0,0,0,0,0,0,0,0
2017-08-23,13287,0,0,0,0,0,0,0,0,0,0,0,0
2017-08-24,13621,0,0,0,0,0,0,0,0,0,0,0,0
2017-08-25,15637,0,0,0,0,0,0,0,0,0,0,0,0
2017-08-26,17713,0,0,0,0,0,0,0,0,0,0,0,0
2017-08-27,12492,0,0,0,0,0,0,0,0,0,0,0,0
2017-08-28,10488,0,0,0,0,0,0,0,0,0,0,0,0
2017-08-29,10156,0,0,0,0,0,0,0,0,0,0,0,0
2017-08-30,10855,0,0,0,0,0,0,0,0,0,0,0,0
2017-08-31,11005,0,0,0,0,0,0,0,0,0,0,0,0
2017-09-01,12652,0,0,0,0,0,0,0,0,0,0,0,0
2017-09-02,13429,0,0,0,0,0,0,0,0,0,0,0,0
2017-09-03,10130,0,0,0,0,0,0,0,0,0,0,0,0
2017-09-04,9962,0,0,0,0,0,1,0,0,0,0,0,0
2017-09-05,9347,0,0,0,0,0,0,0,0,0,0,0,0
2017-09-06,9319,0,0,0,0,0,0,0,0,0,0,0,0
2017-09-07,9547,0,0,0,0,0,0,0,0,0,0,0,0
2017-09-08,10304,0,0,0,0,0,0,0,0,0,0,0,0
2017-09-09,10460,0,0,0,0,0,0,0,0,0,0,0,0
2017-09-10,7522,0,0,0,0,0,0,0,0,0,0,0,0
2017-09-11,7726,0,0,0,0,0,0,0,0,0,0,0,0
2017-09-12,8049,0,0,0,0,0,0,0,0,0,0,0,0
2017-09-13,7973,0,0,0,0,0,0,0,0,0,0,0,0
2017-09-14,8254,0,0,0,0,0,0,0,0,0,0,0,0
2017-09-15,9623,0,0,0,0,0,0,0,0,0,0,0,0
2017-09-16,16147,0,0,0,0,0,0,0,0,0,0,0,0
2017-09-17,8671,0,0,0,0,0,0,0,0,0,0,0,0
2017-09-18,10370,0,0,0,0,0,0,0,0,0,0,0,0
2017-09-19,8507,0,0,0,0,0,0,0,0,0,0,0,0
2017-09-20,7197,0,0,0,0,0,0,0,0,0,0,0,0
2017-09-21,8997,0,0,0,0,0,0,0,0,0,0,0,0
2017-09-22,8779,0,0,0,0,0,0,0,0,0,0,0,0
2017-09-23,9519,0,0,0,0,0,0,0,0,0,0,0,0
2017-09-24,7593,0,0,0,0,0,0,0,0,0,0,0,0
2017-09-25,7868,0,0,0,0,0,0,0,0,0,0,0,0
2017-09-26,7555,0,0,0,0,0,0,0,0,0,0,0,0
2017-09-27,7639,0,0,0,0,0,0,0,0,0,0,0,0
2017-09-28,7950,0,0,0,0,0,0,0,0,0,0,0,0
2017-09-29,9354,0,0,0,0,0,0,0,0,0,0,0,0
2017-09-30,10404,0,0,0,0,0,0,0,0,0,0,0,0
2017-10-01,8540,0,0,0,0,0,0,0,0,0,0,0,0
2017-10-02,8546,0,0,0,0,0,0,0,0,0,0,0,0
2017-10-03,8611,0,0,0,0,0,0,0,0,0,0,0,0
2017-10-04,8589,0,0,0,0,0,0,0,0,0,0,0,0
2017-10-05,8304,0,0,0,0,0,0,0,0,0,0,0,0
2017-10-06,9958,0,0,0,0,0,0,0,0,0,0,0,0
2017-10-07,10390,0,0,0,0,0,0,0,0,0,0,0,0
2017-10-08,8212,0,0,0,0,0,0,0,0,0,0,0,0
2017-10-09,8688,0,0,0,1,0,0,0,0,0,0,0,0
2017-10-10,7899,0,0,0,0,0,0,0,0,0,0,0,0
2017-10-11,7840,0,0,0,0,0,0,0,0,0,0,0,0
2017-10-12,7919,0,0,0,0,0,0,0,0,0,0,0,0
2017-10-13,9263,0,0,0,0,0,0,0,0,0,0,0,0
2017-10-14,10402,0,0,0,0,0,0,0,0,0,0,0,0
2017-10-15,6941,0,0,0,0,0,0,0,0,0,0,0,0
2017-10-16,7680,0,0,0,0,0,0,0,0,0,0,0,0
2017-10-17,7548,0,0,0,0,0,0,0,0,0,0,0,0
2017-10-18,7406,0,0,0,0,0,0,0,0,0,0,0,0
2017-10-19,7020,0,0,0,0,0,0,0,0,0,0,0,0
2017-10-20,8542,0,0,0,0,0,0,0,0,0,0,0,0
2017-10-21,8871,0,0,0,0,0,0,0,0,0,0,0,0
2017-10-22,7640,0,0,0,0,0,0,0,0,0,0,0,0
2017-10-23,7665,0,0,0,0,0,0,0,0,0,0,0,0
2017-10-24,7394,0,0,0,0,0,0,0,0,0,0,0,0
2017-10-25,6993,0,0,0,0,0,0,0,0,0,0,0,0
2017-10-26,7112,0,0,0,0,0,0,0,0,0,0,0,0
2017-10-27,8396,0,0,0,0,0,0,0,0,0,0,0,0
2017-10-28,9152,0,0,0,0,0,0,0,0,0,0,0,0
2017-10-29,6517,0,0,0,0,0,0,0,0,0,0,0,0
2017-10-30,6960,0,0,0,0,0,0,0,0,0,0,0,0
2017-10-31,6446,0,0,0,0,0,0,0,0,0,0,0,0
2017-11-01,6939,0,0,0,0,0,0,0,0,0,0,0,0
2017-11-02,7119,0,0,0,0,0,0,0,0,0,0,0,0
2017-11-03,8462,0,0,0,0,0,0,0,0,0,0,0,0
2017-11-04,9239,0,0,0,0,0,0,0,0,0,0,0,0
2017-11-05,5909,0,0,0,0,0,0,0,0,0,0,0,0
2017-11-06,6649,0,0,0,0,0,0,0,0,0,0,0,0
2017-11-07,6377,0,0,0,0,0,0,0,0,0,0,0,0
2017-11-08,6552,0,0,0,0,0,0,0,0,0,0,0,0
2017-11-09,6511,0,0,0,0,0,0,0,0,0,0,0,0
2017-11-10,8127,0,0,0,0,0,0,0,0,0,0,0,0
2017-11-11,9235,0,0,0,0,0,0,0,0,0,0,1,0
2017-11-12,6484,0,0,0,0,0,0,0,0,0,0,0,0
2017-11-13,7267,0,0,0,0,0,0,0,0,0,0,0,0
2017-11-14,6827,0,0,0,0,0,0,0,0,0,0,0,0
2017-11-15,6972,0,0,0,0,0,0,0,0,0,0,0,0
2017-11-16,7951,0,0,0,0,0,0,0,0,0,0,0,0
2017-11-17,11842,0,0,0,0,0,0,0,0,0,0,0,0
2017-11-18,12770,0,0,0,0,0,0,0,0,0,0,0,0
2017-11-19,10233,0,0,0,0,0,0,0,0,0,0,0,0
2017-11-20,10302,0,0,0,0,0,0,0,0,0,0,0,0
2017-11-21,10804,0,0,0,0,0,0,0,0,0,0,0,0
2017-11-22,13848,0,0,0,0,0,0,0,0,0,0,0,0
2017-11-23,8935,0,0,0,0,0,0,0,0,0,1,0,0
2017-11-24,66575,0,1,0,0,0,0,0,0,0,0,0,0
2017-11-25,27599,0,0,0,0,0,0,0,0,0,0,0,0
2017-11-26,17086,0,0,0,0,0,0,0,0,0,0,0,0
2017-11-27,17420,0,0,0,0,0,0,0,0,0,0,0,0
2017-11-28,14438,0,0,0,0,0,0,0,0,0,0,0,0
2017-11-29,11659,0,0,0,0,0,0,0,0,0,0,0,0
2017-11-30,10902,0,0,0,0,0,0,0,0,0,0,0,0
2017-12-01,11570,0,0,0,0,0,0,0,0,0,0,0,0
2017-12-02,12345,0,0,0,0,0,0,0,0,0,0,0,0
2017-12-03,7979,0,0,0,0,0,0,0,0,0,0,0,0
2017-12-04,7984,0,0,0,0,0,0,0,0,0,0,0,0
2017-12-05,7520,0,0,0,0,0,0,0,0,0,0,0,0
2017-12-06,7672,0,0,0,0,0,0,0,0,0,0,0,0
2017-12-07,7535,0,0,0,0,0,0,0,0,0,0,0,0
2017-12-08,8148,0,0,0,0,0,0,0,0,0,0,0,0
2017-12-09,9096,0,0,0,0,0,0,0,0,0,0,0,0
2017-12-10,9165,0,0,0,0,0,0,0,0,0,0,0,0
2017-12-11,6975,0,0,0,0,0,0,0,0,0,0,0,0
2017-12-12,6608,0,0,0,0,0,0,0,0,0,0,0,0
2017-12-13,6575,0,0,0,0,0,0,0,0,0,0,0,0
2017-12-14,7013,0,0,0,0,0,0,0,0,0,0,0,0
2017-12-15,9488,0,0,0,0,0,0,0,0,0,0,0,0
2017-12-16,11689,0,0,0,0,0,0,0,0,0,0,0,0
2017-12-17,8728,0,0,0,0,0,0,0,0,0,0,0,0
2017-12-18,8707,0,0,0,0,0,0,0,0,0,0,0,0
2017-12-19,8527,0,0,0,0,0,0,0,0,0,0,0,0
2017-12-20,9458,0,0,0,0,0,0,0,0,0,0,0,0
2017-12-21,10335,0,0,0,0,0,0,0,0,0,0,0,0
2017-12-22,13532,0,0,0,0,0,0,0,0,0,0,0,0
2017-12-23,14900,0,0,0,0,0,0,0,0,0,0,0,0
2017-12-24,10696,0,0,0,0,0,0,0,0,0,0,0,0
2017-12-25,16096,0,0,1,0,0,0,0,0,0,0,0,0
2017-12-26,13182,0,0,0,0,0,0,0,0,0,0,0,0
2017-12-27,9222,0,0,0,0,0,0,0,0,0,0,0,0
2017-12-28,8407,0,0,0,0,0,0,0,0,0,0,0,0
2017-12-29,8507,0,0,0,0,0,0,0,0,0,0,0,0
2017-12-30,7804,0,0,0,0,0,0,0,0,0,0,0,0
2017-12-31,4946,0,0,0,0,0,0,0,0,0,0,0,0
2018-01-01,12940,0,0,0,0,0,0,0,0,1,0,0,0
2018-01-02,7659,0,0,0,0,0,0,0,0,0,0,0,0
2018-01-03,7200,0,0,0,0,0,0,0,0,0,0,0,0
2018-01-04,7100,0,0,0,0,0,0,0,0,0,0,0,0
2018-01-05,8529,0,0,0,0,0,0,0,0,0,0,0,0
2018-01-06,9272,0,0,0,0,0,0,0,0,0,0,0,0
2018-01-07,5602,0,0,0,0,0,0,0,0,0,0,0,0
2018-01-08,6730,0,0,0,0,0,0,0,0,0,0,0,0
2018-01-09,6817,0,0,0,0,0,0,0,0,0,0,0,0
2018-01-10,6673,0,0,0,0,0,0,0,0,0,0,0,0
2018-01-11,6434,0,0,0,0,0,0,0,0,0,0,0,0
2018-01-12,6388,0,0,0,0,0,0,0,0,0,0,0,0
2018-01-13,6969,0,0,0,0,0,0,0,0,0,0,0,0
2018-01-14,5246,0,0,0,0,0,0,0,0,0,0,0,0
2018-01-15,5751,0,0,0,0,0,0,1,0,0,0,0,0
2018-01-16,4859,0,0,0,0,0,0,0,0,0,0,0,0
2018-01-17,5172,0,0,0,0,0,0,0,0,0,0,0,0
2018-01-18,5771,0,0,0,0,0,0,0,0,0,0,0,0
2018-01-19,7495,0,0,0,0,0,0,0,0,0,0,0,0
2018-01-20,8068,0,0,0,0,0,0,0,0,0,0,0,0
2018-01-21,5153,0,0,0,0,0,0,0,0,0,0,0,0
2018-01-22,5861,0,0,0,0,0,0,0,0,0,0,0,0
2018-01-23,5724,0,0,0,0,0,0,0,0,0,0,0,0
2018-01-24,6142,0,0,0,0,0,0,0,0,0,0,0,0
2018-01-25,5941,0,0,0,0,0,0,0,0,0,0,0,0
2018-01-26,7094,0,0,0,0,0,0,0,0,0,0,0,0
2018-01-27,8214,0,0,0,0,0,0,0,0,0,0,0,0
2018-01-28,5459,0,0,0,0,0,0,0,0,0,0,0,0
2018-01-29,5835,0,0,0,0,0,0,0,0,0,0,0,0
2018-01-30,5624,0,0,0,0,0,0,0,0,0,0,0,0
2018-01-31,6151,0,0,0,0,0,0,0,0,0,0,0,0
2018-02-01,5594,0,0,0,0,0,0,0,0,0,0,0,0
2018-02-02,6411,0,0,0,0,0,0,0,0,0,0,0,0
2018-02-03,6736,0,0,0,0,0,0,0,0,0,0,0,0
2018-02-04,3815,0,0,0,0,0,0,0,0,0,0,0,0
2018-02-05,4950,0,0,0,0,0,0,0,0,0,0,0,0
2018-02-06,5228,0,0,0,0,0,0,0,0,0,0,0,0
2018-02-07,5114,0,0,0,0,0,0,0,0,0,0,0,0
2018-02-08,5487,0,0,0,0,0,0,0,0,0,0,0,0
2018-02-09,6516,0,0,0,0,0,0,0,0,0,0,0,0
2018-02-10,7365,0,0,0,0,0,0,0,0,0,0,0,0
2018-02-11,5043,0,0,0,0,0,0,0,0,0,0,0,0
2018-02-12,5763,0,0,0,0,0,0,0,0,0,0,0,0
2018-02-13,6090,0,0,0,0,0,0,0,0,0,0,0,0
2018-02-14,6666,0,0,0,0,0,0,0,0,0,0,0,0
2018-02-15,8109,0,0,0,0,0,0,0,0,0,0,0,0
2018-02-16,9798,0,0,0,0,0,0,0,0,0,0,0,0
2018-02-17,11297,0,0,0,0,0,0,0,0,0,0,0,0
2018-02-18,7422,0,0,0,0,0,0,0,0,0,0,0,0
2018-02-19,8894,0,0,0,0,0,0,0,0,0,0,0,1
2018-02-20,7883,0,0,0,0,0,0,0,0,0,0,0,0
2018-02-21,8755,0,0,0,0,0,0,0,0,0,0,0,0
2018-02-22,10176,0,0,0,0,0,0,0,0,0,0,0,0
2018-02-23,10598,0,0,0,0,0,0,0,0,0,0,0,0
2018-02-24,9755,0,0,0,0,0,0,0,0,0,0,0,0
2018-02-25,5610,0,0,0,0,0,0,0,0,0,0,0,0
2018-02-26,6645,0,0,0,0,0,0,0,0,0,0,0,0
2018-02-27,7226,0,0,0,0,0,0,0,0,0,0,0,0
2018-02-28,8604,0,0,0,0,0,0,0,0,0,0,0,0
2018-03-01,7665,0,0,0,0,0,0,0,0,0,0,0,0
2018-03-02,6117,0,0,0,0,0,0,0,0,0,0,0,0
2018-03-03,5514,0,0,0,0,0,0,0,0,0,0,0,0
2018-03-04,3717,0,0,0,0,0,0,0,0,0,0,0,0
2018-03-05,5747,0,0,0,0,0,0,0,0,0,0,0,0
2018-03-06,6229,0,0,0,0,0,0,0,0,0,0,0,0
2018-03-07,5558,0,0,0,0,0,0,0,0,0,0,0,0
2018-03-08,5031,0,0,0,0,0,0,0,0,0,0,0,0
2018-03-09,5489,0,0,0,0,0,0,0,0,0,0,0,0
2018-03-10,5066,0,0,0,0,0,0,0,0,0,0,0,0
2018-03-11,3387,0,0,0,0,0,0,0,0,0,0,0,0
2018-03-12,4534,0,0,0,0,0,0,0,0,0,0,0,0
2018-03-13,4692,0,0,0,0,0,0,0,0,0,0,0,0
2018-03-14,4650,0,0,0,0,0,0,0,0,0,0,0,0
2018-03-15,4052,0,0,0,0,0,0,0,0,0,0,0,0
2018-03-16,91038,1,0,0,0,0,0,0,0,0,0,0,0
2018-03-17,42695,0,0,0,0,0,0,0,0,0,0,0,0
2018-03-18,26989,0,0,0,0,0,0,0,0,0,0,0,0
2018-03-19,19702,0,0,0,0,0,0,0,0,0,0,0,0
2018-03-20,18560,0,0,0,0,0,0,0,0,0,0,0,0
2018-03-21,17995,0,0,0,0,0,0,0,0,0,0,0,0
2018-03-22,18248,0,0,0,0,0,0,0,0,0,0,0,0
2018-03-23,20004,0,0,0,0,0,0,0,0,0,0,0,0
2018-03-24,23660,0,0,0,0,0,0,0,0,0,0,0,0
2018-03-25,19167,0,0,0,0,0,0,0,0,0,0,0,0
2018-03-26,16033,0,0,0,0,0,0,0,0,0,0,0,0
2018-03-27,14944,0,0,0,0,0,0,0,0,0,0,0,0
2018-03-28,15383,0,0,0,0,0,0,0,0,0,0,0,0
2018-03-29,16076,0,0,0,0,0,0,0,0,0,0,0,0
2018-03-30,20477,0,0,0,0,0,0,0,0,0,0,0,0
2018-03-31,22778,0,0,0,0,0,0,0,0,0,0,0,0
2018-04-01,9656,0,0,0,0,0,0,0,0,0,0,0,0
2018-04-02,13823,0,0,0,0,0,0,0,0,0,0,0,0
2018-04-03,14713,0,0,0,0,0,0,0,0,0,0,0,0
2018-04-04,15682,0,0,0,0,0,0,0,0,0,0,0,0
2018-04-05,14277,0,0,0,0,0,0,0,0,0,0,0,0
2018-04-06,13854,0,0,0,0,0,0,0,0,0,0,0,0
2018-04-07,15965,0,0,0,0,0,0,0,0,0,0,0,0
2018-04-08,12204,0,0,0,0,0,0,0,0,0,0,0,0
2018-04-09,10728,0,0,0,0,0,0,0,0,0,0,0,0
2018-04-10,9999,0,0,0,0,0,0,0,0,0,0,0,0
2018-04-11,9710,0,0,0,0,0,0,0,0,0,0,0,0
2018-04-12,11845,0,0,0,0,0,0,0,0,0,0,0,0
2018-04-13,10515,0,0,0,0,0,0,0,0,0,0,0,0
2018-04-14,10284,0,0,0,0,0,0,0,0,0,0,0,0
2018-04-15,12714,0,0,0,0,0,0,0,0,0,0,0,0
2018-04-16,9229,0,0,0,0,0,0,0,0,0,0,0,0
2018-04-17,10135,0,0,0,0,0,0,0,0,0,0,0,0
2018-04-18,11561,0,0,0,0,0,0,0,0,0,0,0,0
2018-04-19,11408,0,0,0,0,0,0,0,0,0,0,0,0
2018-04-20,12782,0,0,0,0,0,0,0,0,0,0,0,0
2018-04-21,14504,0,0,0,0,0,0,0,0,0,0,0,0
2018-04-22,12468,0,0,0,0,0,0,0,0,0,0,0,0
2018-04-23,11524,0,0,0,0,0,0,0,0,0,0,0,0
2018-04-24,10923,0,0,0,0,0,0,0,0,0,0,0,0
2018-04-25,11944,0,0,0,0,0,0,0,0,0,0,0,0
2018-04-26,11648,0,0,0,0,0,0,0,0,0,0,0,0
2018-04-27,12829,0,0,0,0,0,0,0,0,0,0,0,0
2018-04-28,14526,0,0,0,0,0,0,0,0,0,0,0,0
2018-04-29,12455,0,0,0,0,0,0,0,0,0,0,0,0
2018-04-30,12877,0,0,0,0,0,0,0,0,0,0,0,0
2018-05-01,11124,0,0,0,0,0,0,0,0,0,0,0,0
2018-05-02,11903,0,0,0,0,0,0,0,0,0,0,0,0
2018-05-03,10680,0,0,0,0,0,0,0,0,0,0,0,0
2018-05-04,10982,0,0,0,0,0,0,0,0,0,0,0,0
2018-05-05,11664,0,0,0,0,0,0,0,0,0,0,0,0
2018-05-06,10524,0,0,0,0,0,0,0,0,0,0,0,0
2018-05-07,10161,0,0,0,0,0,0,0,0,0,0,0,0
2018-05-08,9366,0,0,0,0,0,0,0,0,0,0,0,0
2018-05-09,10122,0,0,0,0,0,0,0,0,0,0,0,0
2018-05-10,10270,0,0,0,0,0,0,0,0,0,0,0,0
2018-05-11,11142,0,0,0,0,0,0,0,0,0,0,0,0
2018-05-12,13285,0,0,0,0,0,0,0,0,0,0,0,0
2018-05-13,12337,0,0,0,0,0,0,0,0,0,0,0,0
2018-05-14,10190,0,0,0,0,0,0,0,0,0,0,0,0
2018-05-15,8864,0,0,0,0,0,0,0,0,0,0,0,0
2018-05-16,9837,0,0,0,0,0,0,0,0,0,0,0,0
2018-05-17,9133,0,0,0,0,0,0,0,0,0,0,0,0
2018-05-18,9519,0,0,0,0,0,0,0,0,0,0,0,0
2018-05-19,10244,0,0,0,0,0,0,0,0,0,0,0,0
2018-05-20,9429,0,0,0,0,0,0,0,0,0,0,0,0
2018-05-21,9494,0,0,0,0,0,0,0,0,0,0,0,0
2018-05-22,8126,0,0,0,0,0,0,0,0,0,0,0,0
2018-05-23,10462,0,0,0,0,0,0,0,0,0,0,0,0
2018-05-24,8848,0,0,0,0,0,0,0,0,0,0,0,0
2018-05-25,10661,0,0,0,0,0,0,0,0,0,0,0,0
2018-05-26,11872,0,0,0,0,0,0,0,0,0,0,0,0
2018-05-27,10635,0,0,0,0,0,0,0,0,0,0,0,0
2018-05-28,10392,0,0,0,0,0,0,0,1,0,0,0,0
2018-05-29,10027,0,0,0,0,0,0,0,0,0,0,0,0
2018-05-30,10370,0,0,0,0,0,0,0,0,0,0,0,0
2018-05-31,10316,0,0,0,0,0,0,0,0,0,0,0,0
2018-06-01,11246,0,0,0,0,0,0,0,0,0,0,0,0
2018-06-02,11864,0,0,0,0,0,0,0,0,0,0,0,0
2018-06-03,10892,0,0,0,0,0,0,0,0,0,0,0,0
2018-06-04,11148,0,0,0,0,0,0,0,0,0,0,0,0
2018-06-05,11667,0,0,0,0,0,0,0,0,0,0,0,0
2018-06-06,11179,0,0,0,0,0,0,0,0,0,0,0,0
2018-06-07,11034,0,0,0,0,0,0,0,0,0,0,0,0
2018-06-08,11328,0,0,0,0,0,0,0,0,0,0,0,0
2018-06-09,12647,0,0,0,0,0,0,0,0,0,0,0,0
2018-06-10,11293,0,0,0,0,0,0,0,0,0,0,0,0
2018-06-11,11254,0,0,0,0,0,0,0,0,0,0,0,0
2018-06-12,10402,0,0,0,0,0,0,0,0,0,0,0,0
2018-06-13,11145,0,0,0,0,0,0,0,0,0,0,0,0
2018-06-14,11308,0,0,0,0,0,0,0,0,0,0,0,0
2018-06-15,12826,0,0,0,0,0,0,0,0,0,0,0,0
2018-06-16,14747,0,0,0,0,0,0,0,0,0,0,0,0
2018-06-17,12390,0,0,0,0,0,0,0,0,0,0,0,0
2018-06-18,11640,0,0,0,0,0,0,0,0,0,0,0,0
2018-06-19,9900,0,0,0,0,0,0,0,0,0,0,0,0
2018-06-20,9576,0,0,0,0,0,0,0,0,0,0,0,0
2018-06-21,9677,0,0,0,0,0,0,0,0,0,0,0,0
2018-06-22,11661,0,0,0,0,0,0,0,0,0,0,0,0
2018-06-23,11390,0,0,0,0,0,0,0,0,0,0,0,0
2018-06-24,10513,0,0,0,0,0,0,0,0,0,0,0,0
2018-06-25,9680,0,0,0,0,0,0,0,0,0,0,0,0
2018-06-26,17601,0,0,0,0,0,0,0,0,0,0,0,0
2018-06-27,18564,0,0,0,0,0,0,0,0,0,0,0,0
2018-06-28,19842,0,0,0,0,0,0,0,0,0,0,0,0
2018-06-29,13280,0,0,0,0,0,0,0,0,0,0,0,0
2018-06-30,13762,0,0,0,0,0,0,0,0,0,0,0,0
2018-07-01,11678,0,0,0,0,0,0,0,0,0,0,0,0
2018-07-02,10254,0,0,0,0,0,0,0,0,0,0,0,0
2018-07-03,9557,0,0,0,0,0,0,0,0,0,0,0,0
2018-07-04,8148,0,0,0,0,1,0,0,0,0,0,0,0
2018-07-05,9357,0,0,0,0,0,0,0,0,0,0,0,0
2018-07-06,10731,0,0,0,0,0,0,0,0,0,0,0,0
2018-07-07,11120,0,0,0,0,0,0,0,0,0,0,0,0
2018-07-08,9354,0,0,0,0,0,0,0,0,0,0,0,0
2018-07-09,7555,0,0,0,0,0,0,0,0,0,0,0,0
2018-07-10,6835,0,0,0,0,0,0,0,0,0,0,0,0
2018-07-11,9687,0,0,0,0,0,0,0,0,0,0,0,0
2018-07-12,8011,0,0,0,0,0,0,0,0,0,0,0,0
2018-07-13,11355,0,0,0,0,0,0,0,0,0,0,0,0
2018-07-14,13519,0,0,0,0,0,0,0,0,0,0,0,0
2018-07-15,10959,0,0,0,0,0,0,0,0,0,0,0,0
2018-07-16,10089,0,0,0,0,0,0,0,0,0,0,0,0
2018-07-17,9758,0,0,0,0,0,0,0,0,0,0,0,0
2018-07-18,9734,0,0,0,0,0,0,0,0,0,0,0,0
2018-07-19,9538,0,0,0,0,0,0,0,0,0,0,0,0
2018-07-20,10649,0,0,0,0,0,0,0,0,0,0,0,0
2018-07-21,11801,0,0,0,0,0,0,0,0,0,0,0,0
2018-07-22,10435,0,0,0,0,0,0,0,0,0,0,0,0
2018-07-23,8899,0,0,0,0,0,0,0,0,0,0,0,0
2018-07-24,8096,0,0,0,0,0,0,0,0,0,0,0,0
2018-07-25,7357,0,0,0,0,0,0,0,0,0,0,0,0
2018-07-26,7696,0,0,0,0,0,0,0,0,0,0,0,0
2018-07-27,8813,0,0,0,0,0,0,0,0,0,0,0,0
2018-07-28,9593,0,0,0,0,0,0,0,0,0,0,0,0
2018-07-29,7821,0,0,0,0,0,0,0,0,0,0,0,0
2018-07-30,7952,0,0,0,0,0,0,0,0,0,0,0,0
2018-07-31,7239,0,0,0,0,0,0,0,0,0,0,0,0
2018-08-01,8549,0,0,0,0,0,0,0,0,0,0,0,0
2018-08-02,7869,0,0,0,0,0,0,0,0,0,0,0,0
2018-08-03,8854,0,0,0,0,0,0,0,0,0,0,0,0
2018-08-04,12275,0,0,0,0,0,0,0,0,0,0,0,0
2018-08-05,8821,0,0,0,0,0,0,0,0,0,0,0,0
2018-08-06,8529,0,0,0,0,0,0,0,0,0,0,0,0
2018-08-07,7778,0,0,0,0,0,0,0,0,0,0,0,0
2018-08-08,7073,0,0,0,0,0,0,0,0,0,0,0,0
2018-08-09,7971,0,0,0,0,0,0,0,0,0,0,0,0
2018-08-10,8556,0,0,0,0,0,0,0,0,0,0,0,0
2018-08-11,9314,0,0,0,0,0,0,0,0,0,0,0,0
2018-08-12,7689,0,0,0,0,0,0,0,0,0,0,0,0
2018-08-13,7605,0,0,0,0,0,0,0,0,0,0,0,0
2018-08-14,7622,0,0,0,0,0,0,0,0,0,0,0,0
2018-08-15,8030,0,0,0,0,0,0,0,0,0,0,0,0
2018-08-16,8019,0,0,0,0,0,0,0,0,0,0,0,0
2018-08-17,8789,0,0,0,0,0,0,0,0,0,0,0,0
2018-08-18,9307,0,0,0,0,0,0,0,0,0,0,0,0
2018-08-19,7488,0,0,0,0,0,0,0,0,0,0,0,0
2018-08-20,7251,0,0,0,0,0,0,0,0,0,0,0,0
2018-08-21,6853,0,0,0,0,0,0,0,0,0,0,0,0
2018-08-22,6613,0,0,0,0,0,0,0,0,0,0,0,0
2018-08-23,20189,0,0,0,0,0,0,0,0,0,0,0,0
2018-08-24,11800,0,0,0,0,0,0,0,0,0,0,0,0
2018-08-25,8746,0,0,0,0,0,0,0,0,0,0,0,0
2018-08-26,6856,0,0,0,0,0,0,0,0,0,0,0,0
2018-08-27,6582,0,0,0,0,0,0,0,0,0,0,0,0
2018-08-28,9378,0,0,0,0,0,0,0,0,0,0,0,0
2018-08-29,7864,0,0,0,0,0,0,0,0,0,0,0,0
2018-08-30,6367,0,0,0,0,0,0,0,0,0,0,0,0
2018-08-31,6780,0,0,0,0,0,0,0,0,0,0,0,0
2018-09-01,7271,0,0,0,0,0,0,0,0,0,0,0,0
2018-09-02,5577,0,0,0,0,0,0,0,0,0,0,0,0
2018-09-03,5636,0,0,0,0,0,1,0,0,0,0,0,0
2018-09-04,5471,0,0,0,0,0,0,0,0,0,0,0,0
2018-09-05,5687,0,0,0,0,0,0,0,0,0,0,0,0
2018-09-06,5667,0,0,0,0,0,0,0,0,0,0,0,0
2018-09-07,6058,0,0,0,0,0,0,0,0,0,0,0,0
2018-09-08,6777,0,0,0,0,0,0,0,0,0,0,0,0
2018-09-09,5074,0,0,0,0,0,0,0,0,0,0,0,0
2018-09-10,5361,0,0,0,0,0,0,0,0,0,0,0,0
2018-09-11,5133,0,0,0,0,0,0,0,0,0,0,0,0
2018-09-12,5142,0,0,0,0,0,0,0,0,0,0,0,0
2018-09-13,5012,0,0,0,0,0,0,0,0,0,0,0,0
2018-09-14,5750,0,0,0,0,0,0,0,0,0,0,0,0
2018-09-15,6451,0,0,0,0,0,0,0,0,0,0,0,0
2018-09-16,5084,0,0,0,0,0,0,0,0,0,0,0,0
2018-09-17,5270,0,0,0,0,0,0,0,0,0,0,0,0
2018-09-18,5243,0,0,0,0,0,0,0,0,0,0,0,0
2018-09-19,5108,0,0,0,0,0,0,0,0,0,0,0,0
2018-09-20,5117,0,0,0,0,0,0,0,0,0,0,0,0
2018-09-21,5602,0,0,0,0,0,0,0,0,0,0,0,0
2018-09-22,9184,0,0,0,0,0,0,0,0,0,0,0,0
2018-09-23,6237,0,0,0,0,0,0,0,0,0,0,0,0
2018-09-24,5769,0,0,0,0,0,0,0,0,0,0,0,0
2018-09-25,6018,0,0,0,0,0,0,0,0,0,0,0,0
2018-09-26,5730,0,0,0,0,0,0,0,0,0,0,0,0
2018-09-27,5177,0,0,0,0,0,0,0,0,0,0,0,0
2018-09-28,6161,0,0,0,0,0,0,0,0,0,0,0,0
2018-09-29,6590,0,0,0,0,0,0,0,0,0,0,0,0
2018-09-30,5071,0,0,0,0,0,0,0,0,0,0,0,0
2018-10-01,4894,0,0,0,0,0,0,0,0,0,0,0,0
2018-10-02,4252,0,0,0,0,0,0,0,0,0,0,0,0
2018-10-03,4732,0,0,0,0,0,0,0,0,0,0,0,0
2018-10-04,4603,0,0,0,0,0,0,0,0,0,0,0,0
2018-10-05,4991,0,0,0,0,0,0,0,0,0,0,0,0
2018-10-06,5047,0,0,0,0,0,0,0,0,0,0,0,0
2018-10-07,4122,0,0,0,0,0,0,0,0,0,0,0,0
2018-10-08,4443,0,0,0,1,0,0,0,0,0,0,0,0
2018-10-09,4704,0,0,0,0,0,0,0,0,0,0,0,0
2018-10-10,4708,0,0,0,0,0,0,0,0,0,0,0,0
2018-10-11,5065,0,0,0,0,0,0,0,0,0,0,0,0
2018-10-12,5707,0,0,0,0,0,0,0,0,0,0,0,0
2018-10-13,6258,0,0,0,0,0,0,0,0,0,0,0,0
2018-10-14,4909,0,0,0,0,0,0,0,0,0,0,0,0
2018-10-15,5104,0,0,0,0,0,0,0,0,0,0,0,0
2018-10-16,5141,0,0,0,0,0,0,0,0,0,0,0,0
2018-10-17,4992,0,0,0,0,0,0,0,0,0,0,0,0
2018-10-18,10684,0,0,0,0,0,0,0,0,0,0,0,0
2018-10-19,8465,0,0,0,0,0,0,0,0,0,0,0,0
2018-10-20,6575,0,0,0,0,0,0,0,0,0,0,0,0
2018-10-21,6210,0,0,0,0,0,0,0,0,0,0,0,0
2018-10-22,6056,0,0,0,0,0,0,0,0,0,0,0,0
2018-10-23,5430,0,0,0,0,0,0,0,0,0,0,0,0
2018-10-24,5571,0,0,0,0,0,0,0,0,0,0,0,0
2018-10-25,5477,0,0,0,0,0,0,0,0,0,0,0,0
2018-10-26,5901,0,0,0,0,0,0,0,0,0,0,0,0
2018-10-27,6329,0,0,0,0,0,0,0,0,0,0,0,0
2018-10-28,5634,0,0,0,0,0,0,0,0,0,0,0,0
2018-10-29,5165,0,0,0,0,0,0,0,0,0,0,0,0
2018-10-30,4856,0,0,0,0,0,0,0,0,0,0,0,0
2018-10-31,4770,0,0,0,0,0,0,0,0,0,0,0,0
2018-11-01,4741,0,0,0,0,0,0,0,0,0,0,0,0
2018-11-02,6392,0,0,0,0,0,0,0,0,0,0,0,0
2018-11-03,5989,0,0,0,0,0,0,0,0,0,0,0,0
2018-11-04,6252,0,0,0,0,0,0,0,0,0,0,0,0
2018-11-05,5607,0,0,0,0,0,0,0,0,0,0,0,0
2018-11-06,5264,0,0,0,0,0,0,0,0,0,0,0,0
2018-11-07,4912,0,0,0,0,0,0,0,0,0,0,0,0
2018-11-08,4862,0,0,0,0,0,0,0,0,0,0,0,0
2018-11-09,5563,0,0,0,0,0,0,0,0,0,0,0,0
2018-11-10,7552,0,0,0,0,0,0,0,0,0,0,0,0
2018-11-11,5575,0,0,0,0,0,0,0,0,0,0,1,0
2018-11-12,5036,0,0,0,0,0,0,0,0,0,0,0,0
2018-11-13,4818,0,0,0,0,0,0,0,0,0,0,0,0
2018-11-14,4777,0,0,0,0,0,0,0,0,0,0,0,0
2018-11-15,5446,0,0,0,0,0,0,0,0,0,0,0,0
2018-11-16,8179,0,0,0,0,0,0,0,0,0,0,0,0
2018-11-17,9985,0,0,0,0,0,0,0,0,0,0,0,0
2018-11-18,9436,0,0,0,0,0,0,0,0,0,0,0,0
2018-11-19,7290,0,0,0,0,0,0,0,0,0,0,0,0
2018-11-20,7097,0,0,0,0,0,0,0,0,0,0,0,0
2018-11-21,7853,0,0,0,0,0,0,0,0,0,0,0,0
2018-11-22,5020,0,0,0,0,0,0,0,0,0,1,0,0
2018-11-23,38759,0,1,0,0,0,0,0,0,0,0,0,0
2018-11-24,31509,0,0,0,0,0,0,0,0,0,0,0,0
2018-11-25,17677,0,0,0,0,0,0,0,0,0,0,0,0
2018-11-26,12198,0,0,0,0,0,0,0,0,0,0,0,0
2018-11-27,11116,0,0,0,0,0,0,0,0,0,0,0,0
2018-11-28,10705,0,0,0,0,0,0,0,0,0,0,0,0
2018-11-29,8982,0,0,0,0,0,0,0,0,0,0,0,0
2018-11-30,9738,0,0,0,0,0,0,0,0,0,0,0,0
2018-12-01,9728,0,0,0,0,0,0,0,0,0,0,0,0
2018-12-02,6835,0,0,0,0,0,0,0,0,0,0,0,0
2018-12-03,6982,0,0,0,0,0,0,0,0,0,0,0,0
2018-12-04,7928,0,0,0,0,0,0,0,0,0,0,0,0
2018-12-05,8770,0,0,0,0,0,0,0,0,0,0,0,0
2018-12-06,7362,0,0,0,0,0,0,0,0,0,0,0,0
2018-12-07,7090,0,0,0,0,0,0,0,0,0,0,0,0
2018-12-08,6639,0,0,0,0,0,0,0,0,0,0,0,0
2018-12-09,5496,0,0,0,0,0,0,0,0,0,0,0,0
2018-12-10,6375,0,0,0,0,0,0,0,0,0,0,0,0
2018-12-11,6161,0,0,0,0,0,0,0,0,0,0,0,0
2018-12-12,5806,0,0,0,0,0,0,0,0,0,0,0,0
2018-12-13,6013,0,0,0,0,0,0,0,0,0,0,0,0
2018-12-14,5649,0,0,0,0,0,0,0,0,0,0,0,0
2018-12-15,6905,0,0,0,0,0,0,0,0,0,0,0,0
2018-12-16,4826,0,0,0,0,0,0,0,0,0,0,0,0
2018-12-17,5042,0,0,0,0,0,0,0,0,0,0,0,0
2018-12-18,4613,0,0,0,0,0,0,0,0,0,0,0,0
2018-12-19,4742,0,0,0,0,0,0,0,0,0,0,0,0
2018-12-20,5059,0,0,0,0,0,0,0,0,0,0,0,0
2018-12-21,7325,0,0,0,0,0,0,0,0,0,0,0,0
2018-12-22,7704,0,0,0,0,0,0,0,0,0,0,0,0
2018-12-23,5609,0,0,0,0,0,0,0,0,0,0,0,0
2018-12-24,5820,0,0,0,0,0,0,0,0,0,0,0,0
2018-12-25,10768,0,0,1,0,0,0,0,0,0,0,0,0
2018-12-26,8482,0,0,0,0,0,0,0,0,0,0,0,0
2018-12-27,6910,0,0,0,0,0,0,0,0,0,0,0,0
2018-12-28,6456,0,0,0,0,0,0,0,0,0,0,0,0
2018-12-29,6149,0,0,0,0,0,0,0,0,0,0,0,0
2018-12-30,3965,0,0,0,0,0,0,0,0,0,0,0,0
2018-12-31,4285,0,0,0,0,0,0,0,0,0,0,0,0
2019-01-01,7748,0,0,0,0,0,0,0,0,1,0,0,0
2019-01-02,6383,0,0,0,0,0,0,0,0,0,0,0,0
2019-01-03,6348,0,0,0,0,0,0,0,0,0,0,0,0
2019-01-04,8121,0,0,0,0,0,0,0,0,0,0,0,0
2019-01-05,8068,0,0,0,0,0,0,0,0,0,0,0,0
2019-01-06,5002,0,0,0,0,0,0,0,0,0,0,0,0
2019-01-07,6221,0,0,0,0,0,0,0,0,0,0,0,0
2019-01-08,6898,0,0,0,0,0,0,0,0,0,0,0,0
2019-01-09,6707,0,0,0,0,0,0,0,0,0,0,0,0
2019-01-10,6415,0,0,0,0,0,0,0,0,0,0,0,0
2019-01-11,6762,0,0,0,0,0,0,0,0,0,0,0,0
2019-01-12,7169,0,0,0,0,0,0,0,0,0,0,0,0
2019-01-13,4883,0,0,0,0,0,0,0,0,0,0,0,0
2019-01-14,5508,0,0,0,0,0,0,0,0,0,0,0,0
2019-01-15,6046,0,0,0,0,0,0,0,0,0,0,0,0
2019-01-16,6308,0,0,0,0,0,0,0,0,0,0,0,0
2019-01-17,6176,0,0,0,0,0,0,0,0,0,0,0,0
2019-01-18,6461,0,0,0,0,0,0,0,0,0,0,0,0
2019-01-19,6820,0,0,0,0,0,0,0,0,0,0,0,0
2019-01-20,4264,0,0,0,0,0,0,0,0,0,0,0,0
2019-01-21,5633,0,0,0,0,0,0,1,0,0,0,0,0
2019-01-22,4653,0,0,0,0,0,0,0,0,0,0,0,0
2019-01-23,5012,0,0,0,0,0,0,0,0,0,0,0,0
2019-01-24,4923,0,0,0,0,0,0,0,0,0,0,0,0
2019-01-25,5120,0,0,0,0,0,0,0,0,0,0,0,0
2019-01-26,5407,0,0,0,0,0,0,0,0,0,0,0,0
2019-01-27,3620,0,0,0,0,0,0,0,0,0,0,0,0
2019-01-28,3846,0,0,0,0,0,0,0,0,0,0,0,0
2019-01-29,3921,0,0,0,0,0,0,0,0,0,0,0,0
2019-01-30,4037,0,0,0,0,0,0,0,0,0,0,0,0
2019-01-31,4318,0,0,0,0,0,0,0,0,0,0,0,0
2019-02-01,4751,0,0,0,0,0,0,0,0,0,0,0,0
2019-02-02,5469,0,0,0,0,0,0,0,0,0,0,0,0
2019-02-03,3038,0,0,0,0,0,0,0,0,0,0,0,0
2019-02-04,4182,0,0,0,0,0,0,0,0,0,0,0,0
2019-02-05,4205,0,0,0,0,0,0,0,0,0,0,0,0
2019-02-06,4265,0,0,0,0,0,0,0,0,0,0,0,0
2019-02-07,4624,0,0,0,0,0,0,0,0,0,0,0,0
2019-02-08,5179,0,0,0,0,0,0,0,0,0,0,0,0
2019-02-09,6309,0,0,0,0,0,0,0,0,0,0,0,0
2019-02-10,4216,0,0,0,0,0,0,0,0,0,0,0,0
2019-02-11,4431,0,0,0,0,0,0,0,0,0,0,0,0
2019-02-12,4644,0,0,0,0,0,0,0,0,0,0,0,0
2019-02-13,5107,0,0,0,0,0,0,0,0,0,0,0,0
2019-02-14,5321,0,0,0,0,0,0,0,0,0,0,0,0
2019-02-15,5889,0,0,0,0,0,0,0,0,0,0,0,0
2019-02-16,6737,0,0,0,0,0,0,0,0,0,0,0,0
2019-02-17,4544,0,0,0,0,0,0,0,0,0,0,0,0
2019-02-18,5559,0,0,0,0,0,0,0,0,0,0,0,1
2019-02-19,4226,0,0,0,0,0,0,0,0,0,0,0,0
2019-02-20,4055,0,0,0,0,0,0,0,0,0,0,0,0
2019-02-21,4189,0,0,0,0,0,0,0,0,0,0,0,0
2019-02-22,4701,0,0,0,0,0,0,0,0,0,0,0,0
2019-02-23,3985,0,0,0,0,0,0,0,0,0,0,0,0
2019-02-24,2320,0,0,0,0,0,0,0,0,0,0,0,0
2019-02-25,3571,0,0,0,0,0,0,0,0,0,0,0,0
2019-02-26,3720,0,0,0,0,0,0,0,0,0,0,0,0
2019-02-27,4128,0,0,0,0,0,0,0,0,0,0,0,0
2019-02-28,3763,0,0,0,0,0,0,0,0,0,0,0,0
2019-03-01,4133,0,0,0,0,0,0,0,0,0,0,0,0
2019-03-02,3383,0,0,0,0,0,0,0,0,0,0,0,0
2019-03-03,2017,0,0,0,0,0,0,0,0,0,0,0,0
2019-03-04,3023,0,0,0,0,0,0,0,0,0,0,0,0
2019-03-05,3132,0,0,0,0,0,0,0,0,0,0,0,0
2019-03-06,3035,0,0,0,0,0,0,0,0,0,0,0,0
2019-03-07,2911,0,0,0,0,0,0,0,0,0,0,0,0
2019-03-08,108281,1,0,0,0,0,0,0,0,0,0,0,0
2019-03-09,43524,0,0,0,0,0,0,0,0,0,0,0,0
2019-03-10,20116,0,0,0,0,0,0,0,0,0,0,0,0
2019-03-11,19945,0,0,0,0,0,0,0,0,0,0,0,0
2019-03-12,28506,0,0,0,0,0,0,0,0,0,0,0,0
2019-03-13,24363,0,0,0,0,0,0,0,0,0,0,0,0
2019-03-14,18751,0,0,0,0,0,0,0,0,0,0,0,0
2019-03-15,19926,0,0,0,0,0,0,0,0,0,0,0,0
2019-03-16,21547,0,0,0,0,0,0,0,0,0,0,0,0
2019-03-17,13029,0,0,0,0,0,0,0,0,0,0,0,0
2019-03-18,11037,0,0,0,0,0,0,0,0,0,0,0,0
2019-03-19,11656,0,0,0,0,0,0,0,0,0,0,0,0
2019-03-20,12460,0,0,0,0,0,0,0,0,0,0,0,0
2019-03-21,12514,0,0,0,0,0,0,0,0,0,0,0,0
2019-03-22,14473,0,0,0,0,0,0,0,0,0,0,0,0
2019-03-23,15299,0,0,0,0,0,0,0,0,0,0,0,0
2019-03-24,9184,0,0,0,0,0,0,0,0,0,0,0,0
2019-03-25,10162,0,0,0,0,0,0,0,0,0,0,0,0
2019-03-26,10277,0,0,0,0,0,0,0,0,0,0,0,0
2019-03-27,11782,0,0,0,0,0,0,0,0,0,0,0,0
2019-03-28,10862,0,0,0,0,0,0,0,0,0,0,0,0
2019-03-29,12870,0,0,0,0,0,0,0,0,0,0,0,0
2019-03-30,14994,0,0,0,0,0,0,0,0,0,0,0,0
2019-03-31,11033,0,0,0,0,0,0,0,0,0,0,0,0
2019-04-01,8753,0,0,0,0,0,0,0,0,0,0,0,0
2019-04-02,8115,0,0,0,0,0,0,0,0,0,0,0,0
2019-04-03,8630,0,0,0,0,0,0,0,0,0,0,0,0
2019-04-04,8347,0,0,0,0,0,0,0,0,0,0,0,0
2019-04-05,9783,0,0,0,0,0,0,0,0,0,0,0,0
2019-04-06,10680,0,0,0,0,0,0,0,0,0,0,0,0
2019-04-07,7168,0,0,0,0,0,0,0,0,0,0,0,0
2019-04-08,7519,0,0,0,0,0,0,0,0,0,0,0,0
2019-04-09,7085,0,0,0,0,0,0,0,0,0,0,0,0
2019-04-10,7639,0,0,0,0,0,0,0,0,0,0,0,0
2019-04-11,7154,0,0,0,0,0,0,0,0,0,0,0,0
2019-04-12,8915,0,0,0,0,0,0,0,0,0,0,0,0
2019-04-13,10014,0,0,0,0,0,0,0,0,0,0,0,0
2019-04-14,6707,0,0,0,0,0,0,0,0,0,0,0,0
2019-04-15,7346,0,0,0,0,0,0,0,0,0,0,0,0
2019-04-16,8075,0,0,0,0,0,0,0,0,0,0,0,0
2019-04-17,8410,0,0,0,0,0,0,0,0,0,0,0,0
2019-04-18,8501,0,0,0,0,0,0,0,0,0,0,0,0
2019-04-19,12498,0,0,0,0,0,0,0,0,0,0,0,0
2019-04-20,13242,0,0,0,0,0,0,0,0,0,0,0,0
2019-04-21,1469,0,0,0,0,0,0,0,0,0,0,0,0
2019-04-22,10790,0,0,0,0,0,0,0,0,0,0,0,0
2019-04-23,9062,0,0,0,0,0,0,0,0,0,0,0,0
2019-04-24,10009,0,0,0,0,0,0,0,0,0,0,0,0
2019-04-25,9626,0,0,0,0,0,0,0,0,0,0,0,0
2019-04-26,11328,0,0,0,0,0,0,0,0,0,0,0,0
2019-04-27,13050,0,0,0,0,0,0,0,0,0,0,0,0
2019-04-28,8231,0,0,0,0,0,0,0,0,0,0,0,0
2019-04-29,9138,0,0,0,0,0,0,0,0,0,0,0,0
2019-04-30,8987,0,0,0,0,0,0,0,0,0,0,0,0
2019-05-01,8567,0,0,0,0,0,0,0,0,0,0,0,0
2019-05-02,8204,0,0,0,0,0,0,0,0,0,0,0,0
2019-05-03,9897,0,0,0,0,0,0,0,0,0,0,0,0
2019-05-04,11053,0,0,0,0,0,0,0,0,0,0,0,0
2019-05-05,8091,0,0,0,0,0,0,0,0,0,0,0,0
2019-05-06,8217,0,0,0,0,0,0,0,0,0,0,0,0
2019-05-07,8046,0,0,0,0,0,0,0,0,0,0,0,0
2019-05-08,8548,0,0,0,0,0,0,0,0,0,0,0,0
2019-05-09,8643,0,0,0,0,0,0,0,0,0,0,0,0
2019-05-10,10857,0,0,0,0,0,0,0,0,0,0,0,0
2019-05-11,13862,0,0,0,0,0,0,0,0,0,0,0,0
2019-05-12,9072,0,0,0,0,0,0,0,0,0,0,0,0
2019-05-13,8611,0,0,0,0,0,0,0,0,0,0,0,0
2019-05-14,7944,0,0,0,0,0,0,0,0,0,0,0,0
2019-05-15,8739,0,0,0,0,0,0,0,0,0,0,0,0
2019-05-16,14587,0,0,0,0,0,0,0,0,0,0,0,0
2019-05-17,13174,0,0,0,0,0,0,0,0,0,0,0,0
2019-05-18,13245,0,0,0,0,0,0,0,0,0,0,0,0
2019-05-19,8600,0,0,0,0,0,0,0,0,0,0,0,0
2019-05-20,9427,0,0,0,0,0,0,0,0,0,0,0,0
2019-05-21,9641,0,0,0,0,0,0,0,0,0,0,0,0
2019-05-22,10669,0,0,0,0,0,0,0,0,0,0,0,0
2019-05-23,10275,0,0,0,0,0,0,0,0,0,0,0,0
2019-05-24,12808,0,0,0,0,0,0,0,0,0,0,0,0
2019-05-25,12981,0,0,0,0,0,0,0,0,0,0,0,0
2019-05-26,8939,0,0,0,0,0,0,0,0,0,0,0,0
2019-05-27,8405,0,0,0,0,0,0,0,1,0,0,0,0
2019-05-28,9941,0,0,0,0,0,0,0,0,0,0,0,0
2019-05-29,9815,0,0,0,0,0,0,0,0,0,0,0,0
2019-05-30,10633,0,0,0,0,0,0,0,0,0,0,0,0
2019-05-31,12520,0,0,0,0,0,0,0,0,0,0,0,0
2019-06-01,13247,0,0,0,0,0,0,0,0,0,0,0,0
2019-06-02,8815,0,0,0,0,0,0,0,0,0,0,0,0
2019-06-03,10188,0,0,0,0,0,0,0,0,0,0,0,0
2019-06-04,9420,0,0,0,0,0,0,0,0,0,0,0,0
2019-06-05,10063,0,0,0,0,0,0,0,0,0,0,0,0
2019-06-06,9578,0,0,0,0,0,0,0,0,0,0,0,0
2019-06-07,11333,0,0,0,0,0,0,0,0,0,0,0,0
2019-06-08,11627,0,0,0,0,0,0,0,0,0,0,0,0
2019-06-09,8470,0,0,0,0,0,0,0,0,0,0,0,0
2019-06-10,9550,0,0,0,0,0,0,0,0,0,0,0,0
2019-06-11,9414,0,0,0,0,0,0,0,0,0,0,0,0
2019-06-12,10483,0,0,0,0,0,0,0,0,0,0,0,0
2019-06-13,10710,0,0,0,0,0,0,0,0,0,0,0,0
2019-06-14,12444,0,0,0,0,0,0,0,0,0,0,0,0
2019-06-15,13505,0,0,0,0,0,0,0,0,0,0,0,0
2019-06-16,11000,0,0,0,0,0,0,0,0,0,0,0,0
2019-06-17,9901,0,0,0,0,0,0,0,0,0,0,0,0
2019-06-18,9557,0,0,0,0,0,0,0,0,0,0,0,0
2019-06-19,10341,0,0,0,0,0,0,0,0,0,0,0,0
2019-06-20,9865,0,0,0,0,0,0,0,0,0,0,0,0
2019-06-21,11305,0,0,0,0,0,0,0,0,0,0,0,0
2019-06-22,11870,0,0,0,0,0,0,0,0,0,0,0,0
2019-06-23,8337,0,0,0,0,0,0,0,0,0,0,0,0
2019-06-24,9225,0,0,0,0,0,0,0,0,0,0,0,0
2019-06-25,8415,0,0,0,0,0,0,0,0,0,0,0,0
2019-06-26,9149,0,0,0,0,0,0,0,0,0,0,0,0
2019-06-27,9004,0,0,0,0,0,0,0,0,0,0,0,0
2019-06-28,10853,0,0,0,0,0,0,0,0,0,0,0,0
2019-06-29,11992,0,0,0,0,0,0,0,0,0,0,0,0
2019-06-30,8856,0,0,0,0,0,0,0,0,0,0,0,0
2019-07-01,9267,0,0,0,0,0,0,0,0,0,0,0,0
2019-07-02,9216,0,0,0,0,0,0,0,0,0,0,0,0
2019-07-03,10164,0,0,0,0,0,0,0,0,0,0,0,0
2019-07-04,6147,0,0,0,0,1,0,0,0,0,0,0,0
2019-07-05,12638,0,0,0,0,0,0,0,0,0,0,0,0
2019-07-06,11489,0,0,0,0,0,0,0,0,0,0,0,0
2019-07-07,7680,0,0,0,0,0,0,0,0,0,0,0,0
2019-07-08,9601,0,0,0,0,0,0,0,0,0,0,0,0
2019-07-09,9617,0,0,0,0,0,0,0,0,0,0,0,0
2019-07-10,9729,0,0,0,0,0,0,0,0,0,0,0,0
2019-07-11,9838,0,0,0,0,0,0,0,0,0,0,0,0
2019-07-12,10960,0,0,0,0,0,0,0,0,0,0,0,0
2019-07-13,11472,0,0,0,0,0,0,0,0,0,0,0,0
2019-07-14,7215,0,0,0,0,0,0,0,0,0,0,0,0
2019-07-15,8986,0,0,0,0,0,0,0,0,0,0,0,0
2019-07-16,8449,0,0,0,0,0,0,0,0,0,0,0,0
2019-07-17,8591,0,0,0,0,0,0,0,0,0,0,0,0
2019-07-18,8021,0,0,0,0,0,0,0,0,0,0,0,0
2019-07-19,9363,0,0,0,0,0,0,0,0,0,0,0,0
2019-07-20,9461,0,0,0,0,0,0,0,0,0,0,0,0
2019-07-21,6735,0,0,0,0,0,0,0,0,0,0,0,0
2019-07-22,8070,0,0,0,0,0,0,0,0,0,0,0,0
2019-07-23,7727,0,0,0,0,0,0,0,0,0,0,0,0
2019-07-24,7887,0,0,0,0,0,0,0,0,0,0,0,0
2019-07-25,7859,0,0,0,0,0,0,0,0,0,0,0,0
2019-07-26,9854,0,0,0,0,0,0,0,0,0,0,0,0
2019-07-27,10676,0,0,0,0,0,0,0,0,0,0,0,0
2019-07-28,7371,0,0,0,0,0,0,0,0,0,0,0,0
2019-07-29,8528,0,0,0,0,0,0,0,0,0,0,0,0
2019-07-30,8555,0,0,0,0,0,0,0,0,0,0,0,0
2019-07-31,9138,0,0,0,0,0,0,0,0,0,0,0,0
2019-08-01,8436,0,0,0,0,0,0,0,0,0,0,0,0
2019-08-02,9992,0,0,0,0,0,0,0,0,0,0,0,0
2019-08-03,11235,0,0,0,0,0,0,0,0,0,0,0,0
2019-08-04,6672,0,0,0,0,0,0,0,0,0,0,0,0
2019-08-05,7749,0,0,0,0,0,0,0,0,0,0,0,0
2019-08-06,8101,0,0,0,0,0,0,0,0,0,0,0,0
2019-08-07,8437,0,0,0,0,0,0,0,0,0,0,0,0
2019-08-08,8005,0,0,0,0,0,0,0,0,0,0,0,0
2019-08-09,8502,0,0,0,0,0,0,0,0,0,0,0,0
2019-08-10,8804,0,0,0,0,0,0,0,0,0,0,0,0
2019-08-11,6414,0,0,0,0,0,0,0,0,0,0,0,0
2019-08-12,7388,0,0,0,0,0,0,0,0,0,0,0,0
2019-08-13,6965,0,0,0,0,0,0,0,0,0,0,0,0
2019-08-14,7365,0,0,0,0,0,0,0,0,0,0,0,0
2019-08-15,7191,0,0,0,0,0,0,0,0,0,0,0,0
2019-08-16,8262,0,0,0,0,0,0,0,0,0,0,0,0
2019-08-17,8773,0,0,0,0,0,0,0,0,0,0,0,0
2019-08-18,6441,0,0,0,0,0,0,0,0,0,0,0,0
2019-08-19,7003,0,0,0,0,0,0,0,0,0,0,0,0
2019-08-20,7092,0,0,0,0,0,0,0,0,0,0,0,0
2019-08-21,7035,0,0,0,0,0,0,0,0,0,0,0,0
2019-08-22,6795,0,0,0,0,0,0,0,0,0,0,0,0
2019-08-23,7245,0,0,0,0,0,0,0,0,0,0,0,0
2019-08-24,7148,0,0,0,0,0,0,0,0,0,0,0,0
2019-08-25,4981,0,0,0,0,0,0,0,0,0,0,0,0
2019-08-26,5908,0,0,0,0,0,0,0,0,0,0,0,0
2019-08-27,5903,0,0,0,0,0,0,0,0,0,0,0,0
2019-08-28,6000,0,0,0,0,0,0,0,0,0,0,0,0
2019-08-29,6122,0,0,0,0,0,0,0,0,0,0,0,0
2019-08-30,7407,0,0,0,0,0,0,0,0,0,0,0,0
2019-08-31,7801,0,0,0,0,0,0,0,0,0,0,0,0
2019-09-01,5231,0,0,0,0,0,0,0,0,0,0,0,0
2019-09-02,5403,0,0,0,0,0,1,0,0,0,0,0,0
2019-09-03,5865,0,0,0,0,0,0,0,0,0,0,0,0
2019-09-04,5906,0,0,0,0,0,0,0,0,0,0,0,0
2019-09-05,6658,0,0,0,0,0,0,0,0,0,0,0,0
2019-09-06,8230,0,0,0,0,0,0,0,0,0,0,0,0
2019-09-07,9050,0,0,0,0,0,0,0,0,0,0,0,0
2019-09-08,5744,0,0,0,0,0,0,0,0,0,0,0,0
2019-09-09,6614,0,0,0,0,0,0,0,0,0,0,0,0
2019-09-10,6731,0,0,0,0,0,0,0,0,0,0,0,0
2019-09-11,7184,0,0,0,0,0,0,0,0,0,0,0,0
2019-09-12,7069,0,0,0,0,0,0,0,0,0,0,0,0
2019-09-13,7469,0,0,0,0,0,0,0,0,0,0,0,0
2019-09-14,8233,0,0,0,0,0,0,0,0,0,0,0,0
2019-09-15,5369,0,0,0,0,0,0,0,0,0,0,0,0
2019-09-16,5470,0,0,0,0,0,0,0,0,0,0,0,0
2019-09-17,5541,0,0,0,0,0,0,0,0,0,0,0,0
2019-09-18,5929,0,0,0,0,0,0,0,0,0,0,0,0
2019-09-19,5520,0,0,0,0,0,0,0,0,0,0,0,0
2019-09-20,6226,0,0,0,0,0,0,0,0,0,0,0,0
2019-09-21,6368,0,0,0,0,0,0,0,0,0,0,0,0
2019-09-22,4118,0,0,0,0,0,0,0,0,0,0,0,0
2019-09-23,5308,0,0,0,0,0,0,0,0,0,0,0,0
2019-09-24,5168,0,0,0,0,0,0,0,0,0,0,0,0
2019-09-25,5476,0,0,0,0,0,0,0,0,0,0,0,0
2019-09-26,5410,0,0,0,0,0,0,0,0,0,0,0,0
2019-09-27,6317,0,0,0,0,0,0,0,0,0,0,0,0
2019-09-28,6710,0,0,0,0,0,0,0,0,0,0,0,0
2019-09-29,4555,0,0,0,0,0,0,0,0,0,0,0,0
2019-09-30,5403,0,0,0,0,0,0,0,0,0,0,0,0
2019-10-01,4706,0,0,0,0,0,0,0,0,0,0,0,0
2019-10-02,4761,0,0,0,0,0,0,0,0,0,0,0,0
2019-10-03,5033,0,0,0,0,0,0,0,0,0,0,0,0
2019-10-04,5722,0,0,0,0,0,0,0,0,0,0,0,0
2019-10-05,6199,0,0,0,0,0,0,0,0,0,0,0,0
2019-10-06,4229,0,0,0,0,0,0,0,0,0,0,0,0
2019-10-07,4631,0,0,0,0,0,0,0,0,0,0,0,0
2019-10-08,4326,0,0,0,0,0,0,0,0,0,0,0,0
2019-10-09,4519,0,0,0,0,0,0,0,0,0,0,0,0
2019-10-10,4528,0,0,0,0,0,0,0,0,0,0,0,0
2019-10-11,5549,0,0,0,0,0,0,0,0,0,0,0,0
2019-10-12,6132,0,0,0,0,0,0,0,0,0,0,0,0
2019-10-13,4270,0,0,0,0,0,0,0,0,0,0,0,0
2019-10-14,4974,0,0,0,1,0,0,0,0,0,0,0,0
2019-10-15,4351,0,0,0,0,0,0,0,0,0,0,0,0
2019-10-16,3872,0,0,0,0,0,0,0,0,0,0,0,0
2019-10-17,4688,0,0,0,0,0,0,0,0,0,0,0,0
2019-10-18,5404,0,0,0,0,0,0,0,0,0,0,0,0
2019-10-19,5980,0,0,0,0,0,0,0,0,0,0,0,0
2019-10-20,4001,0,0,0,0,0,0,0,0,0,0,0,0
2019-10-21,4607,0,0,0,0,0,0,0,0,0,0,0,0
2019-10-22,4638,0,0,0,0,0,0,0,0,0,0,0,0
2019-10-23,4552,0,0,0,0,0,0,0,0,0,0,0,0
2019-10-24,4563,0,0,0,0,0,0,0,0,0,0,0,0
2019-10-25,5196,0,0,0,0,0,0,0,0,0,0,0,0
2019-10-26,5428,0,0,0,0,0,0,0,0,0,0,0,0
2019-10-27,3669,0,0,0,0,0,0,0,0,0,0,0,0
2019-10-28,4447,0,0,0,0,0,0,0,0,0,0,0,0
2019-10-29,4459,0,0,0,0,0,0,0,0,0,0,0,0
2019-10-30,4533,0,0,0,0,0,0,0,0,0,0,0,0
2019-10-31,4668,0,0,0,0,0,0,0,0,0,0,0,0
2019-11-01,5901,0,0,0,0,0,0,0,0,0,0,0,0
2019-11-02,6417,0,0,0,0,0,0,0,0,0,0,0,0
2019-11-03,4231,0,0,0,0,0,0,0,0,0,0,0,0
2019-11-04,4881,0,0,0,0,0,0,0,0,0,0,0,0
2019-11-05,5212,0,0,0,0,0,0,0,0,0,0,0,0
2019-11-06,5084,0,0,0,0,0,0,0,0,0,0,0,0
2019-11-07,5120,0,0,0,0,0,0,0,0,0,0,0,0
2019-11-08,6250,0,0,0,0,0,0,0,0,0,0,0,0
2019-11-09,7632,0,0,0,0,0,0,0,0,0,0,0,0
2019-11-10,4507,0,0,0,0,0,0,0,0,0,0,0,0
2019-11-11,5582,0,0,0,0,0,0,0,0,0,0,1,0
2019-11-12,4915,0,0,0,0,0,0,0,0,0,0,0,0
2019-11-13,4646,0,0,0,0,0,0,0,0,0,0,0,0
2019-11-14,4566,0,0,0,0,0,0,0,0,0,0,0,0
2019-11-15,5551,0,0,0,0,0,0,0,0,0,0,0,0
2019-11-16,6006,0,0,0,0,0,0,0,0,0,0,0,0
2019-11-17,3983,0,0,0,0,0,0,0,0,0,0,0,0
2019-11-18,4638,0,0,0,0,0,0,0,0,0,0,0,0
2019-11-19,4535,0,0,0,0,0,0,0,0,0,0,0,0
2019-11-20,4678,0,0,0,0,0,0,0,0,0,0,0,0
2019-11-21,5467,0,0,0,0,0,0,0,0,0,0,0,0
2019-11-22,14792,0,0,0,0,0,0,0,0,0,0,0,0
2019-11-23,12989,0,0,0,0,0,0,0,0,0,0,0,0
2019-11-24,8513,0,0,0,0,0,0,0,0,0,0,0,0
2019-11-25,8622,0,0,0,0,0,0,0,0,0,0,0,0
2019-11-26,8571,0,0,0,0,0,0,0,0,0,0,0,0
2019-11-27,10981,0,0,0,0,0,0,0,0,0,0,0,0
2019-11-28,4564,0,0,0,0,0,0,0,0,0,1,0,0
2019-11-29,47139,0,1,0,0,0,0,0,0,0,0,0,0
2019-11-30,21445,0,0,0,0,0,0,0,0,0,0,0,0
2019-12-01,12912,0,0,0,0,0,0,0,0,0,0,0,0
2019-12-02,13277,0,0,0,0,0,0,0,0,0,0,0,0
2019-12-03,10343,0,0,0,0,0,0,0,0,0,0,0,0
2019-12-04,10412,0,0,0,0,0,0,0,0,0,0,0,0
2019-12-05,8865,0,0,0,0,0,0,0,0,0,0,0,0
2019-12-06,8870,0,0,0,0,0,0,0,0,0,0,0,0
2019-12-07,8421,0,0,0,0,0,0,0,0,0,0,0,0
2019-12-08,5773,0,0,0,0,0,0,0,0,0,0,0,0
2019-12-09,6433,0,0,0,0,0,0,0,0,0,0,0,0
2019-12-10,6160,0,0,0,0,0,0,0,0,0,0,0,0
2019-12-11,6392,0,0,0,0,0,0,0,0,0,0,0,0
2019-12-12,6332,0,0,0,0,0,0,0,0,0,0,0,0
2019-12-13,7313,0,0,0,0,0,0,0,0,0,0,0,0
2019-12-14,9044,0,0,0,0,0,0,0,0,0,0,0,0
2019-12-15,5942,0,0,0,0,0,0,0,0,0,0,0,0
2019-12-16,6121,0,0,0,0,0,0,0,0,0,0,0,0
2019-12-17,6265,0,0,0,0,0,0,0,0,0,0,0,0
2019-12-18,6867,0,0,0,0,0,0,0,0,0,0,0,0
2019-12-19,7221,0,0,0,0,0,0,0,0,0,0,0,0
2019-12-20,8339,0,0,0,0,0,0,0,0,0,0,0,0
2019-12-21,9136,0,0,0,0,0,0,0,0,0,0,0,0
2019-12-22,6487,0,0,0,0,0,0,0,0,0,0,0,0
2019-12-23,8660,0,0,0,0,0,0,0,0,0,0,0,0
2019-12-24,8169,0,0,0,0,0,0,0,0,0,0,0,0
2019-12-25,13854,0,0,1,0,0,0,0,0,0,0,0,0
2019-12-26,10279,0,0,0,0,0,0,0,0,0,0,0,0
2019-12-27,8865,0,0,0,0,0,0,0,0,0,0,0,0
2019-12-28,7924,0,0,0,0,0,0,0,0,0,0,0,0
2019-12-29,5159,0,0,0,0,0,0,0,0,0,0,0,0
2019-12-30,7264,0,0,0,0,0,0,0,0,0,0,0,0
2019-12-31,5974,0,0,0,0,0,0,0,0,0,0,0,0
2020-01-01,3855,0,0,0,0,0,0,0,0,1,0,0,0
2020-01-02,6241,0,0,0,0,0,0,0,0,0,0,0,0
2020-01-03,6675,0,0,0,0,0,0,0,0,0,0,0,0
2020-01-04,6481,0,0,0,0,0,0,0,0,0,0,0,0
2020-01-05,4062,0,0,0,0,0,0,0,0,0,0,0,0
2020-01-06,5683,0,0,0,0,0,0,0,0,0,0,0,0
2020-01-07,5270,0,0,0,0,0,0,0,0,0,0,0,0
2020-01-08,5445,0,0,0,0,0,0,0,0,0,0,0,0
2020-01-09,5278,0,0,0,0,0,0,0,0,0,0,0,0
2020-01-10,5963,0,0,0,0,0,0,0,0,0,0,0,0
2020-01-11,5670,0,0,0,0,0,0,0,0,0,0,0,0
2020-01-12,4085,0,0,0,0,0,0,0,0,0,0,0,0
2020-01-13,4927,0,0,0,0,0,0,0,0,0,0,0,0
2020-01-14,5349,0,0,0,0,0,0,0,0,0,0,0,0
2020-01-15,5529,0,0,0,0,0,0,0,0,0,0,0,0
2020-01-16,5761,0,0,0,0,0,0,0,0,0,0,0,0
2020-01-17,6387,0,0,0,0,0,0,0,0,0,0,0,0
2020-01-18,6023,0,0,0,0,0,0,0,0,0,0,0,0
2020-01-19,4067,0,0,0,0,0,0,0,0,0,0,0,0
2020-01-20,5664,0,0,0,0,0,0,1,0,0,0,0,0
2020-01-21,5950,0,0,0,0,0,0,0,0,0,0,0,0
2020-01-22,6097,0,0,0,0,0,0,0,0,0,0,0,0
2020-01-23,5675,0,0,0,0,0,0,0,0,0,0,0,0
2020-01-24,6249,0,0,0,0,0,0,0,0,0,0,0,0
2020-01-25,6451,0,0,0,0,0,0,0,0,0,0,0,0
2020-01-26,4256,0,0,0,0,0,0,0,0,0,0,0,0
2020-01-27,4994,0,0,0,0,0,0,0,0,0,0,0,0
2020-01-28,5452,0,0,0,0,0,0,0,0,0,0,0,0
2020-01-29,5618,0,0,0,0,0,0,0,0,0,0,0,0
2020-01-30,5698,0,0,0,0,0,0,0,0,0,0,0,0
2020-01-31,6624,0,0,0,0,0,0,0,0,0,0,0,0
2020-02-01,7256,0,0,0,0,0,0,0,0,0,0,0,0
2020-02-02,3995,0,0,0,0,0,0,0,0,0,0,0,0
2020-02-03,5298,0,0,0,0,0,0,0,0,0,0,0,0
2020-02-04,5710,0,0,0,0,0,0,0,0,0,0,0,0
2020-02-05,6134,0,0,0,0,0,0,0,0,0,0,0,0
2020-02-06,5427,0,0,0,0,0,0,0,0,0,0,0,0
2020-02-07,6175,0,0,0,0,0,0,0,0,0,0,0,0
2020-02-08,6601,0,0,0,0,0,0,0,0,0,0,0,0
2020-02-09,4258,0,0,0,0,0,0,0,0,0,0,0,0
2020-02-10,4912,0,0,0,0,0,0,0,0,0,0,0,0
2020-02-11,4845,0,0,0,0,0,0,0,0,0,0,0,0
2020-02-12,5182,0,0,0,0,0,0,0,0,0,0,0,0
2020-02-13,5173,0,0,0,0,0,0,0,0,0,0,0,0
2020-02-14,5799,0,0,0,0,0,0,0,0,0,0,0,0
2020-02-15,6018,0,0,0,0,0,0,0,0,0,0,0,0
2020-02-16,3664,0,0,0,0,0,0,0,0,0,0,0,0
2020-02-17,5154,0,0,0,0,0,0,0,0,0,0,0,1
2020-02-18,4881,0,0,0,0,0,0,0,0,0,0,0,0
2020-02-19,2270,0,0,0,0,0,0,0,0,0,0,0,0
2020-02-20,81211,1,0,0,0,0,0,0,0,0,0,0,0
2020-02-21,32643,0,0,0,0,0,0,0,0,0,0,0,0
2020-02-22,15087,0,0,0,0,0,0,0,0,0,0,0,0
2020-02-23,14959,0,0,0,0,0,0,0,0,0,0,0,0
2020-02-24,21380,0,0,0,0,0,0,0,0,0,0,0,0
2020-02-25,18272,0,0,0,0,0,0,0,0,0,0,0,0
2020-02-26,14063,0,0,0,0,0,0,0,0,0,0,0,0
2020-02-27,15542,0,0,0,0,0,0,0,0,0,0,0,0
2020-02-28,16160,0,0,0,0,0,0,0,0,0,0,0,0
2020-02-29,10032,0,0,0,0,0,0,0,0,0,0,0,0
2020-03-01,8278,0,0,0,0,0,0,0,0,0,0,0,0
2020-03-02,8975,0,0,0,0,0,0,0,0,0,0,0,0
2020-03-03,8722,0,0,0,0,0,0,0,0,0,0,0,0
2020-03-04,8134,0,0,0,0,0,0,0,0,0,0,0,0
2020-03-05,10131,0,0,0,0,0,0,0,0,0,0,0,0
2020-03-06,6120,0,0,0,0,0,0,0,0,0,0,0,0
2020-03-07,5970,0,0,0,0,0,0,0,0,0,0,0,0
2020-03-08,5081,0,0,0,0,0,0,0,0,0,0,0,0
2020-03-09,6475,0,0,0,0,0,0,0,0,0,0,0,0
2020-03-10,7069,0,0,0,0,0,0,0,0,0,0,0,0
2020-03-11,7603,0,0,0,0,0,0,0,0,0,0,0,0
2020-03-12,6435,0,0,0,0,0,0,0,0,0,0,0,0
2020-03-13,8996,0,0,0,0,0,0,0,0,0,0,0,0
2020-03-14,7723,0,0,0,0,0,0,0,0,0,0,0,0
2020-03-15,5689,0,0,0,0,0,0,0,0,0,0,0,0
2020-03-16,5275,0,0,0,0,0,0,0,0,0,0,0,0
2020-03-17,5610,0,0,0,0,0,0,0,0,0,0,0,0
2020-03-18,5426,0,0,0,0,0,0,0,0,0,0,0,0
2020-03-19,6359,0,0,0,0,0,0,0,0,0,0,0,0
2020-03-20,6942,0,0,0,0,0,0,0,0,0,0,0,0
2020-03-21,4659,0,0,0,0,0,0,0,0,0,0,0,0
2020-03-22,4887,0,0,0,0,0,0,0,0,0,0,0,0
2020-03-23,4605,0,0,0,0,0,0,0,0,0,0,0,0
2020-03-24,4965,0,0,0,0,0,0,0,0,0,0,0,0
2020-03-25,4650,0,0,0,0,0,0,0,0,0,0,0,0
2020-03-26,5795,0,0,0,0,0,0,0,0,0,0,0,0
2020-03-27,6509,0,0,0,0,0,0,0,0,0,0,0,0
2020-03-28,4360,0,0,0,0,0,0,0,0,0,0,0,0
2020-03-29,4775,0,0,0,0,0,0,0,0,0,0,0,0
2020-03-30,5249,0,0,0,0,0,0,0,0,0,0,0,0
2020-03-31,5467,0,0,0,0,0,0,0,0,0,0,0,0
2020-04-01,5526,0,0,0,0,0,0,0,0,0,0,0,0
2020-04-02,8124,0,0,0,0,0,0,0,0,0,0,0,0
2020-04-03,8607,0,0,0,0,0,0,0,0,0,0,0,0
2020-04-04,955,0,0,0,0,0,0,0,0,0,0,0,0
2020-04-05,7014,0,0,0,0,0,0,0,0,0,0,0,0
2020-04-06,5890,0,0,0,0,0,0,0,0,0,0,0,0
2020-04-07,6506,0,0,0,0,0,0,0,0,0,0,0,0
2020-04-08,6257,0,0,0,0,0,0,0,0,0,0,0,0
2020-04-09,7363,0,0,0,0,0,0,0,0,0,0,0,0
2020-04-10,8483,0,0,0,0,0,0,0,0,0,0,0,0
2020-04-11,5350,0,0,0,0,0,0,0,0,0,0,0,0
2020-04-12,5940,0,0,0,0,0,0,0,0,0,0,0,0
2020-04-13,5842,0,0,0,0,0,0,0,0,0,0,0,0
2020-04-14,5569,0,0,0,0,0,0,0,0,0,0,0,0
2020-04-15,5333,0,0,0,0,0,0,0,0,0,0,0,0
2020-04-16,6433,0,0,0,0,0,0,0,0,0,0,0,0
2020-04-17,7184,0,0,0,0,0,0,0,0,0,0,0,0
2020-04-18,5259,0,0,0,0,0,0,0,0,0,0,0,0
2020-04-19,5341,0,0,0,0,0,0,0,0,0,0,0,0
2020-04-20,5230,0,0,0,0,0,0,0,0,0,0,0,0
2020-04-21,5556,0,0,0,0,0,0,0,0,0,0,0,0
2020-04-22,5618,0,0,0,0,0,0,0,0,0,0,0,0
2020-04-23,7057,0,0,0,0,0,0,0,0,0,0,0,0
2020-04-24,9010,0,0,0,0,0,0,0,0,0,0,0,0
2020-04-25,5897,0,0,0,0,0,0,0,0,0,0,0,0
2020-04-26,5597,0,0,0,0,0,0,0,0,0,0,0,0
2020-04-27,5164,0,0,0,0,0,0,0,0,0,0,0,0
2020-04-28,5680,0,0,0,0,0,0,0,0,0,0,0,0
2020-04-29,9482,0,0,0,0,0,0,0,0,0,0,0,0
2020-04-30,8563,0,0,0,0,0,0,0,0,0,0,0,0
2020-05-01,8609,0,0,0,0,0,0,0,0,0,0,0,0
2020-05-02,5590,0,0,0,0,0,0,0,0,0,0,0,0
2020-05-03,6128,0,0,0,0,0,0,0,0,0,0,0,0
2020-05-04,6267,0,0,0,0,0,0,0,0,0,0,0,0
2020-05-05,6935,0,0,0,0,0,0,0,0,0,0,0,0
2020-05-06,6679,0,0,0,0,0,0,0,0,0,0,0,0
2020-05-07,8325,0,0,0,0,0,0,0,0,0,0,0,0
2020-05-08,8438,0,0,0,0,0,0,0,0,0,0,0,0
2020-05-09,5810,0,0,0,0,0,0,0,0,0,0,0,0
2020-05-10,5463,0,0,0,0,0,0,0,0,0,0,0,0
2020-05-11,6462,0,0,0,0,0,0,0,0,0,0,0,0
2020-05-12,6380,0,0,0,0,0,0,0,0,0,0,0,0
2020-05-13,6911,0,0,0,0,0,0,0,0,0,0,0,0
2020-05-14,8138,0,0,0,0,0,0,0,0,0,0,0,0
2020-05-15,8611,0,0,0,0,0,0,0,0,0,0,0,0
2020-05-16,5730,0,0,0,0,0,0,0,0,0,0,0,0
2020-05-17,6622,0,0,0,0,0,0,0,0,0,0,0,0
2020-05-18,6123,0,0,0,0,0,0,0,0,0,0,0,0
2020-05-19,6541,0,0,0,0,0,0,0,0,0,0,0,0
2020-05-20,6226,0,0,0,0,0,0,0,0,0,0,0,0
2020-05-21,7366,0,0,0,0,0,0,0,0,0,0,0,0
2020-05-22,7558,0,0,0,0,0,0,0,0,0,0,0,0
2020-05-23,5506,0,0,0,0,0,0,0,0,0,0,0,0
2020-05-24,6208,0,0,0,0,0,0,0,0,0,0,0,0
2020-05-25,6119,0,0,0,0,0,0,0,1,0,0,0,0
2020-05-26,6814,0,0,0,0,0,0,0,0,0,0,0,0
2020-05-27,6962,0,0,0,0,0,0,0,0,0,0,0,0
2020-05-28,8089,0,0,0,0,0,0,0,0,0,0,0,0
2020-05-29,8778,0,0,0,0,0,0,0,0,0,0,0,0
2020-05-30,7150,0,0,0,0,0,0,0,0,0,0,0,0
2020-05-31,6436,0,0,0,0,0,0,0,0,0,0,0,0
2020-06-01,6212,0,0,0,0,0,0,0,0,0,0,0,0
2020-06-02,6722,0,0,0,0,0,0,0,0,0,0,0,0
2020-06-03,6412,0,0,0,0,0,0,0,0,0,0,0,0
2020-06-04,7348,0,0,0,0,0,0,0,0,0,0,0,0
2020-06-05,7716,0,0,0,0,0,0,0,0,0,0,0,0
2020-06-06,5419,0,0,0,0,0,0,0,0,0,0,0,0
2020-06-07,5996,0,0,0,0,0,0,0,0,0,0,0,0
2020-06-08,5470,0,0,0,0,0,0,0,0,0,0,0,0
2020-06-09,5947,0,0,0,0,0,0,0,0,0,0,0,0
2020-06-10,5853,0,0,0,0,0,0,0,0,0,0,0,0
2020-06-11,7054,0,0,0,0,0,0,0,0,0,0,0,0
2020-06-12,7795,0,0,0,0,0,0,0,0,0,0,0,0
2020-06-13,5756,0,0,0,0,0,0,0,0,0,0,0,0
2020-06-14,6024,0,0,0,0,0,0,0,0,0,0,0,0
2020-06-15,5990,0,0,0,0,0,0,0,0,0,0,0,0
2020-06-16,6607,0,0,0,0,0,0,0,0,0,0,0,0
2020-06-17,3996,0,0,0,0,0,0,0,0,0,0,0,0
2020-06-18,8215,0,0,0,0,0,0,0,0,0,0,0,0
2020-06-19,7468,0,0,0,0,0,0,0,0,0,0,0,0
2020-06-20,4992,0,0,0,0,0,0,0,0,0,0,0,0
2020-06-21,6241,0,0,0,0,0,0,0,0,0,0,0,0
2020-06-22,6251,0,0,0,0,0,0,0,0,0,0,0,0
2020-06-23,6324,0,0,0,0,0,0,0,0,0,0,0,0
2020-06-24,6395,0,0,0,0,0,0,0,0,0,0,0,0
2020-06-25,7124,0,0,0,0,0,0,0,0,0,0,0,0
2020-06-26,7457,0,0,0,0,0,0,0,0,0,0,0,0
2020-06-27,4690,0,0,0,0,0,0,0,0,0,0,0,0
2020-06-28,5841,0,0,0,0,0,0,0,0,0,0,0,0
2020-06-29,5492,0,0,0,0,0,0,0,0,0,0,0,0
2020-06-30,5584,0,0,0,0,0,0,0,0,0,0,0,0
2020-07-01,5214,0,0,0,0,0,0,0,0,0,0,0,0
2020-07-02,6086,0,0,0,0,0,0,0,0,0,0,0,0
2020-07-03,6150,0,0,0,0,0,0,0,0,0,0,0,0
2020-07-04,4378,0,0,0,0,1,0,0,0,0,0,0,0
2020-07-05,5246,0,0,0,0,0,0,0,0,0,0,0,0
2020-07-06,5023,0,0,0,0,0,0,0,0,0,0,0,0
2020-07-07,5127,0,0,0,0,0,0,0,0,0,0,0,0
2020-07-08,5108,0,0,0,0,0,0,0,0,0,0,0,0
2020-07-09,6405,0,0,0,0,0,0,0,0,0,0,0,0
2020-07-10,6939,0,0,0,0,0,0,0,0,0,0,0,0
2020-07-11,4791,0,0,0,0,0,0,0,0,0,0,0,0
2020-07-12,5543,0,0,0,0,0,0,0,0,0,0,0,0
2020-07-13,5561,0,0,0,0,0,0,0,0,0,0,0,0
2020-07-14,5940,0,0,0,0,0,0,0,0,0,0,0,0
2020-07-15,5483,0,0,0,0,0,0,0,0,0,0,0,0
2020-07-16,6495,0,0,0,0,0,0,0,0,0,0,0,0
2020-07-17,7303,0,0,0,0,0,0,0,0,0,0,0,0
2020-07-18,4337,0,0,0,0,0,0,0,0,0,0,0,0
2020-07-19,5037,0,0,0,0,0,0,0,0,0,0,0,0
2020-07-20,5266,0,0,0,0,0,0,0,0,0,0,0,0
2020-07-21,5484,0,0,0,0,0,0,0,0,0,0,0,0
2020-07-22,5203,0,0,0,0,0,0,0,0,0,0,0,0
2020-07-23,5526,0,0,0,0,0,0,0,0,0,0,0,0
2020-07-24,5723,0,0,0,0,0,0,0,0,0,0,0,0
2020-07-25,4169,0,0,0,0,0,0,0,0,0,0,0,0
2020-07-26,4802,0,0,0,0,0,0,0,0,0,0,0,0
2020-07-27,4527,0,0,0,0,0,0,0,0,0,0,0,0
2020-07-28,4787,0,0,0,0,0,0,0,0,0,0,0,0
2020-07-29,4674,0,0,0,0,0,0,0,0,0,0,0,0
2020-07-30,5370,0,0,0,0,0,0,0,0,0,0,0,0
2020-07-31,5702,0,0,0,0,0,0,0,0,0,0,0,0
2020-08-01,6749,0,0,0,0,0,0,0,0,0,0,0,0
2020-08-02,7994,0,0,0,0,0,0,0,0,0,0,0,0
2020-08-03,8988,0,0,0,0,0,0,0,0,0,0,0,0
2020-08-04,5338,0,0,0,0,0,0,0,0,0,0,0,0
2020-08-05,6199,0,0,0,0,0,0,0,0,0,0,0,0
2020-08-06,6481,0,0,0,0,0,0,0,0,0,0,0,0
2020-08-07,6750,0,0,0,0,0,0,0,0,0,0,0,0
2020-08-08,6404,0,0,0,0,0,0,0,0,0,0,0,0
2020-08-09,6802,0,0,0,0,0,0,0,0,0,0,0,0
2020-08-10,7043,0,0,0,0,0,0,0,0,0,0,0,0
2020-08-11,5131,0,0,0,0,0,0,0,0,0,0,0,0
2020-08-12,5910,0,0,0,0,0,0,0,0,0,0,0,0
2020-08-13,5572,0,0,0,0,0,0,0,0,0,0,0,0
2020-08-14,5892,0,0,0,0,0,0,0,0,0,0,0,0
2020-08-15,5753,0,0,0,0,0,0,0,0,0,0,0,0
2020-08-16,6610,0,0,0,0,0,0,0,0,0,0,0,0
2020-08-17,7018,0,0,0,0,0,0,0,0,0,0,0,0
2020-08-18,5153,0,0,0,0,0,0,0,0,0,0,0,0
2020-08-19,5602,0,0,0,0,0,0,0,0,0,0,0,0
2020-08-20,5674,0,0,0,0,0,0,0,0,0,0,0,0
2020-08-21,5628,0,0,0,0,0,0,0,0,0,0,0,0
2020-08-22,5436,0,0,0,0,0,0,0,0,0,0,0,0
2020-08-23,5796,0,0,0,0,0,0,0,0,0,0,0,0
2020-08-24,5718,0,0,0,0,0,0,0,0,0,0,0,0
2020-08-25,3985,0,0,0,0,0,0,0,0,0,0,0,0
2020-08-26,4726,0,0,0,0,0,0,0,0,0,0,0,0
2020-08-27,4722,0,0,0,0,0,0,0,0,0,0,0,0
2020-08-28,4800,0,0,0,0,0,0,0,0,0,0,0,0
2020-08-29,4898,0,0,0,0,0,0,0,0,0,0,0,0
2020-08-30,5926,0,0,0,0,0,0,0,0,0,0,0,0
2020-08-31,6241,0,0,0,0,0,0,0,0,0,0,0,0
2020-09-01,4185,0,0,0,0,0,0,0,0,0,0,0,0
2020-09-02,4322,0,0,0,0,0,0,0,0,0,0,0,0
2020-09-03,4692,0,0,0,0,0,0,0,0,0,0,0,0
2020-09-04,4725,0,0,0,0,0,0,0,0,0,0,0,0
2020-09-05,5326,0,0,0,0,0,0,0,0,0,0,0,0
2020-09-06,6584,0,0,0,0,0,0,0,0,0,0,0,0
2020-09-07,7240,0,0,0,0,0,1,0,0,0,0,0,0
2020-09-08,4595,0,0,0,0,0,0,0,0,0,0,0,0
2020-09-09,5291,0,0,0,0,0,0,0,0,0,0,0,0
2020-09-10,5385,0,0,0,0,0,0,0,0,0,0,0,0
2020-09-11,5747,0,0,0,0,0,0,0,0,0,0,0,0
2020-09-12,5655,0,0,0,0,0,0,0,0,0,0,0,0
2020-09-13,5975,0,0,0,0,0,0,0,0,0,0,0,0
2020-09-14,6586,0,0,0,0,0,0,0,0,0,0,0,0
2020-09-15,4295,0,0,0,0,0,0,0,0,0,0,0,0
2020-09-16,4376,0,0,0,0,0,0,0,0,0,0,0,0
2020-09-17,4433,0,0,0,0,0,0,0,0,0,0,0,0
2020-09-18,4743,0,0,0,0,0,0,0,0,0,0,0,0
2020-09-19,4416,0,0,0,0,0,0,0,0,0,0,0,0
2020-09-20,4981,0,0,0,0,0,0,0,0,0,0,0,0
2020-09-21,5094,0,0,0,0,0,0,0,0,0,0,0,0
2020-09-22,3294,0,0,0,0,0,0,0,0,0,0,0,0
2020-09-23,4246,0,0,0,0,0,0,0,0,0,0,0,0
2020-09-24,4134,0,0,0,0,0,0,0,0,0,0,0,0
2020-09-25,4381,0,0,0,0,0,0,0,0,0,0,0,0
2020-09-26,4328,0,0,0,0,0,0,0,0,0,0,0,0
2020-09-27,5054,0,0,0,0,0,0,0,0,0,0,0,0
2020-09-28,5368,0,0,0,0,0,0,0,0,0,0,0,0
2020-09-29,3644,0,0,0,0,0,0,0,0,0,0,0,0
2020-09-30,4322,0,0,0,0,0,0,0,0,0,0,0,0
2020-10-01,3765,0,0,0,0,0,0,0,0,0,0,0,0
2020-10-02,3809,0,0,0,0,0,0,0,0,0,0,0,0
2020-10-03,4026,0,0,0,0,0,0,0,0,0,0,0,0
2020-10-04,4578,0,0,0,0,0,0,0,0,0,0,0,0
2020-10-05,4959,0,0,0,0,0,0,0,0,0,0,0,0
2020-10-06,3383,0,0,0,0,0,0,0,0,0,0,0,0
2020-10-07,3705,0,0,0,0,0,0,0,0,0,0,0,0
2020-10-08,3461,0,0,0,0,0,0,0,0,0,0,0,0
2020-10-09,3615,0,0,0,0,0,0,0,0,0,0,0,0
2020-10-10,3622,0,0,0,0,0,0,0,0,0,0,0,0
2020-10-11,4439,0,0,0,0,0,0,0,0,0,0,0,0
2020-10-12,4906,0,0,0,1,0,0,0,0,0,0,0,0
2020-10-13,3416,0,0,0,0,0,0,0,0,0,0,0,0
2020-10-14,3979,0,0,0,0,0,0,0,0,0,0,0,0
2020-10-15,3481,0,0,0,0,0,0,0,0,0,0,0,0
2020-10-16,3098,0,0,0,0,0,0,0,0,0,0,0,0
2020-10-17,3750,0,0,0,0,0,0,0,0,0,0,0,0
2020-10-18,4323,0,0,0,0,0,0,0,0,0,0,0,0
2020-10-19,4784,0,0,0,0,0,0,0,0,0,0,0,0
2020-10-20,3201,0,0,0,0,0,0,0,0,0,0,0,0
2020-10-21,3686,0,0,0,0,0,0,0,0,0,0,0,0
2020-10-22,3710,0,0,0,0,0,0,0,0,0,0,0,0
2020-10-23,3642,0,0,0,0,0,0,0,0,0,0,0,0
2020-10-24,3650,0,0,0,0,0,0,0,0,0,0,0,0
2020-10-25,4157,0,0,0,0,0,0,0,0,0,0,0,0
2020-10-26,4342,0,0,0,0,0,0,0,0,0,0,0,0
2020-10-27,2935,0,0,0,0,0,0,0,0,0,0,0,0
2020-10-28,3558,0,0,0,0,0,0,0,0,0,0,0,0
2020-10-29,3567,0,0,0,0,0,0,0,0,0,0,0,0
2020-10-30,3626,0,0,0,0,0,0,0,0,0,0,0,0
2020-10-31,3734,0,0,0,0,0,0,0,0,0,0,0,0
2020-11-01,4721,0,0,0,0,0,0,0,0,0,0,0,0
2020-11-02,5134,0,0,0,0,0,0,0,0,0,0,0,0
2020-11-03,3385,0,0,0,0,0,0,0,0,0,0,0,0
2020-11-04,3905,0,0,0,0,0,0,0,0,0,0,0,0
2020-11-05,4170,0,0,0,0,0,0,0,0,0,0,0,0
2020-11-06,4067,0,0,0,0,0,0,0,0,0,0,0,0
2020-11-07,4096,0,0,0,0,0,0,0,0,0,0,0,0
2020-11-08,5000,0,0,0,0,0,0,0,0,0,0,0,0
2020-11-09,6106,0,0,0,0,0,0,0,0,0,0,0,0
2020-11-10,3606,0,0,0,0,0,0,0,0,0,0,0,0
2020-11-11,4466,0,0,0,0,0,0,0,0,0,0,1,0
2020-11-12,3932,0,0,0,0,0,0,0,0,0,0,0,0
2020-11-13,3717,0,0,0,0,0,0,0,0,0,0,0,0
2020-11-14,3653,0,0,0,0,0,0,0,0,0,0,0,0
2020-11-15,4441,0,0,0,0,0,0,0,0,0,0,0,0
2020-11-16,4805,0,0,0,0,0,0,0,0,0,0,0,0
2020-11-17,3186,0,0,0,0,0,0,0,0,0,0,0,0
2020-11-18,3710,0,0,0,0,0,0,0,0,0,0,0,0
2020-11-19,3628,0,0,0,0,0,0,0,0,0,0,0,0
2020-11-20,3742,0,0,0,0,0,0,0,0,0,0,0,0
2020-11-21,4374,0,0,0,0,0,0,0,0,0,0,0,0
2020-11-22,11834,0,0,0,0,0,0,0,0,0,0,0,0
2020-11-23,10391,0,0,0,0,0,0,0,0,0,0,0,0
2020-11-24,6810,0,0,0,0,0,0,0,0,0,0,0,0
2020-11-25,6898,0,0,0,0,0,0,0,0,0,0,0,0
2020-11-26,6857,0,0,0,0,0,0,0,0,0,1,0,0
2020-11-27,8785,0,1,0,0,0,0,0,0,0,0,0,0
2020-11-28,3651,0,0,0,0,0,0,0,0,0,0,0,0
2020-11-29,37711,0,0,0,0,0,0,0,0,0,0,0,0
2020-11-30,17156,0,0,0,0,0,0,0,0,0,0,0,0
2020-12-01,10330,0,0,0,0,0,0,0,0,0,0,0,0
2020-12-02,10622,0,0,0,0,0,0,0,0,0,0,0,0
2020-12-03,8274,0,0,0,0,0,0,0,0,0,0,0,0
2020-12-04,8330,0,0,0,0,0,0,0,0,0,0,0,0
2020-12-05,7092,0,0,0,0,0,0,0,0,0,0,0,0
2020-12-06,7096,0,0,0,0,0,0,0,0,0,0,0,0
2020-12-07,6737,0,0,0,0,0,0,0,0,0,0,0,0
2020-12-08,4618,0,0,0,0,0,0,0,0,0,0,0,0
2020-12-09,5146,0,0,0,0,0,0,0,0,0,0,0,0
2020-12-10,4928,0,0,0,0,0,0,0,0,0,0,0,0
2020-12-11,5114,0,0,0,0,0,0,0,0,0,0,0,0
2020-12-12,5066,0,0,0,0,0,0,0,0,0,0,0,0
2020-12-13,5850,0,0,0,0,0,0,0,0,0,0,0,0
2020-12-14,7235,0,0,0,0,0,0,0,0,0,0,0,0
2020-12-15,4754,0,0,0,0,0,0,0,0,0,0,0,0
2020-12-16,4897,0,0,0,0,0,0,0,0,0,0,0,0
2020-12-17,5012,0,0,0,0,0,0,0,0,0,0,0,0
2020-12-18,5494,0,0,0,0,0,0,0,0,0,0,0,0
2020-12-19,5777,0,0,0,0,0,0,0,0,0,0,0,0
2020-12-20,6671,0,0,0,0,0,0,0,0,0,0,0,0
2020-12-21,7309,0,0,0,0,0,0,0,0,0,0,0,0
2020-12-22,5190,0,0,0,0,0,0,0,0,0,0,0,0
2020-12-23,6928,0,0,0,0,0,0,0,0,0,0,0,0
2020-12-24,6535,0,0,0,0,0,0,0,0,0,0,0,0
2020-12-25,11083,0,0,1,0,0,0,0,0,0,0,0,0
2020-12-26,8223,0,0,0,0,0,0,0,0,0,0,0,0
2020-12-27,7092,0,0,0,0,0,0,0,0,0,0,0,0
2020-12-28,6339,0,0,0,0,0,0,0,0,0,0,0,0
2020-12-29,4127,0,0,0,0,0,0,0,0,0,0,0,0
2020-12-30,5811,0,0,0,0,0,0,0,0,0,0,0,0
2020-12-31,4779,0,0,0,0,0,0,0,0,0,0,0,0
